所属模块,用例标题,前置条件,步骤,预期,关键词,优先级,用例类型,适用阶段
/系统管理员/数据统计(#191),查看CPU状态，显示正确,,1. 查看CPU状态；,1. CPU状态显示正确；,,1,功能测试,功能测试阶段
/系统管理员/数据统计(#191),查看内存使用情况，显示正常,,1. 查看内存使用情况；,1. 内存使用情况显示正常；,,1,功能测试,功能测试阶段
/系统管理员/数据统计(#191),查看硬盘信息，显示正常,,1. 查看硬盘信息；,1. 硬盘信息显示正常；,,1,功能测试,功能测试阶段
/系统管理员/数据统计(#191),查看服务器信息，显示正常,,1. 查看服务器信息；,1. 服务器信息显示正确；,,1,功能测试,功能测试阶段
/系统管理员/用户管理(#192),授权新增安全管理员，以其身份登录和操作,登录安全管理员,"1. 点击用户管理；
2. 选择未授权的用户；
3. 在对其进行授权；","1. 
2. 
3. 在对其授权后，可以进行登录和操作；",,1,功能测试,功能测试阶段
/系统管理员/用户管理(#192),授权新增系统管理员，以其身份登录和操作,登录系统管理员,"1. 点击用户管理；
2. 选择未授权的用户；
3. 在对其进行授权；","1. 
2. 
3. 在对其授权后，可以进行登录和操作；",,1,功能测试,功能测试阶段
/系统管理员/用户管理(#192),授权新增审计操作员，以其身份登录和操作,登录审计管理员,"1. 点击用户管理；
2. 选择未授权的用户；
3. 在对其进行授权；","1. 
2. 
3. 在对其授权后，可以进行登录和操作；",,1,功能测试,功能测试阶段
/系统管理员/用户管理(#192),编辑用户信息，对应的用户信息能够更新,,"1. 点击用户管理
2. 点击用户编辑
3. 点击修改","1. 
2. 
3. 正常更新",,1,功能测试,功能测试阶段
/系统管理员/用户管理(#192),用户名为空时，给予提示,,"1. 点击添加用户；
2. 选择用户权限；
3. 用户名一行不输入；
4. 输入密码和确认密码；
5. 点击添加","1. 
2. 
3. 
4. 
5. 点击添加，提示用户名不能为空",,1,功能测试,功能测试阶段
/系统管理员/用户管理(#192),用户名正常输入字母，数字和特殊符号,,"1. 点击添加用户
2. 选择用户权限
3. 输入用户名：wasd...123
4. 输入密码和确认密码
5. 点击添加","1. 
2. 
3. 
4. 
5. 点击添加，添加成功",,1,功能测试,功能测试阶段
/系统管理员/用户管理(#192),用户名输入40个字符，可以正常保存,,"1. 点击添加用户
2. 选择用户权限
3. 输入用户名：1234567890123456789012345678901234567890
4. 输入密码和确认密码
5. 点击添加","1. 
2. 
3. 
4. 
5. 点击添加，添加成功",,1,功能测试,功能测试阶段
/系统管理员/用户管理(#192),输入41个字符，提示请输入少于41个字符,,"1. 点击添加用户
2. 选择用户权限
3. 输入用户名：12345678901234567890123456789012345678900
4. 输入密码和确认密码
5. 点击添加","1. 
2. 
3. 
4. 
5. 提示：请输入少于41个字符",,1,功能测试,功能测试阶段
/系统管理员/用户管理(#192),用户从三种权限中选择一种并可以正常操作,,"1. 点击添加用户
2. 从三项用户权限中随意选择一项
3. 输入用户名
4. 输入密码和确认密码
5. 点击添加","1. 
2. 
3. 
4. 
5. 点击添加，完成后可以正常操作",,1,功能测试,功能测试阶段
/系统管理员/用户管理(#192),密码为空时，给予提示,,"1. 点击添加用户
2. 选择用户权限
3. 输入用户名
4. 密码一行不输入
5. 点击添加","1. 
2. 
3. 
4. 
5. 点击添加，提示密码不能为空",,1,功能测试,功能测试阶段
/系统管理员/用户管理(#192),密码输入8-16位数字或字母组合可以正常保存,,"1. 点击添加用户
2. 选择用户权限
3. 输入用户名
4. 密码：123456wasd
5. 输入确认密码
6. 点击添加","1. 
2. 
3. 
4. 
5. 
6. 点击添加，添加成功",,1,功能测试,功能测试阶段
/系统管理员/用户管理(#192),确认密码为空时，给予提示,,"1. 点击添加用户
2. 从三项用户权限中随意选择一项
3. 输入用户名
4. 输入密码
5. 确认密码一行为空
6. 点击添加","1. 
2. 
3. 
4. 
5. 
6. 点击添加，提示确认密码不能为空",,1,功能测试,功能测试阶段
/系统管理员/用户管理(#192),输入正确的确认密码，添加成功,,"1. 点击添加用户
2. 从三项用户权限中随意选择一项
3. 输入用户名
4. 输入密码
5. 输入正确确认密码
6. 点击添加","1. 
2. 
3. 
4. 
5. 
6. 点击添加，添加成功",,1,功能测试,功能测试阶段
/系统管理员/用户管理(#192),输入错误的确认密码，给予提示,,"1. 点击添加用户
2. 从三项用户权限中随意选择一项
3. 输入用户名
4. 输入密码
5. 输入错误的确认密码
6. 点击添加","1. 
2. 
3. 
4. 
5. 
6. 点击添加，提示确认密码与密码不一致",,1,功能测试,功能测试阶段
/系统管理员/用户管理(#192),"点击保存修改完成后的原用户名显示
为修改后的用户名",,"1. 选择新增用户点击修改按钮
2. 将用户名修改为shrong
3. 点击保存","1. 
2. 
3. 弹窗提示：保存成功，显示修改后的用户名",,1,功能测试,功能测试阶段
/系统管理员/用户管理(#192),点击取消返回界面，返回成功,,"1. 选择新增用户点击修改按钮
2. 将用户名修改为shrong
3. 点击取消按钮，回到主页面","1. 
2. 
3. 退出修改页面",,1,功能测试,功能测试阶段
/系统管理员/用户管理(#192),点击删除按钮，正常弹出弹框,,1. 点击删除按钮，弹出弹框,1. 正常弹出,,1,功能测试,功能测试阶段
/系统管理员/用户管理(#192),删除弹框点击确认，正常删除,,"1. 点击删除按钮
2. 在弹出的弹框上点击确认","1. 
2. 该用户被删除，尝试用该用户登录，提示用户不存在",,1,功能测试,功能测试阶段
/系统管理员/用户管理(#192),删除弹框点击取消，返回界面,,"1. 点击删除按钮
2. 在弹出的弹框上点击取消","1. 
2. 弹框消失，返回界面",,1,功能测试,功能测试阶段
/系统管理员/用户管理(#192),新建用户授权后可以正常登陆,,"1. 新增用户授权后，返回登陆页面
2. 输入新建用户的用户名和密码
3. 点击登录","1. 
2. 
3. 正常登录",,1,功能测试,功能测试阶段
/系统管理员/系统配置/授权认证(#194),点击生成签名请求并导出，生成证书,,"1. 登录系统管理员
2. 点击系统配置-授权认证
3. 点击生成签名请求并导出","1. 登录成功
2. 
3. 正常生成",,1,功能测试,功能测试阶段
/系统管理员/系统配置/授权认证(#194),正常导入签名证书,,"1. 登录系统管理员
2. 点击系统配置-授权认证
3. 点击导入签名证书","1. 登录成功
2. 
3. 操作成功",,1,功能测试,功能测试阶段
/系统管理员/系统配置/授权认证(#194),导入签名成功后认证状态显示正常,导入签名证书成功,"1. 登录系统管理员
2. 点击系统配置-授权认证
3. 查看认证状态","1. 登录成功
2. 
3. 显示正常",,1,功能测试,功能测试阶段
/系统管理员/系统配置/邮件告警(#195),新增邮件告警模板名称为空时，给予提示,打开新增邮件告警模板页面,"1. 点击新增告警模板
2. 模板名称不输入
3. 点击邮箱服务器地址","1. 弹出新增邮件告警模板 弹框
2. 
3. 提示模板名称不能为空",,3,功能测试,功能测试阶段
/系统管理员/系统配置/邮件告警(#195),新增邮件告警模板名称可以包含字母、汉字、和特殊字符,打开新增邮件告警模板页面,"1. 点击新增告警模板
2. 输入模板名称：wasd小明///、邮箱服务器地址、发送邮箱账号、发送邮箱密码、接收邮箱
3. 点击确定","1. 弹出新增邮件告警模板 弹框
2. 
3. 操作成功",,3,功能测试,功能测试阶段
/系统管理员/系统配置/邮件告警(#195),新增邮件告警模板填写正确邮箱信息可以保存成功,打开新增邮件告警模板页面,"1. 在告警模板上填写正确邮箱信息
2. 点击确定","1. 
2. 成功添加",,3,功能测试,功能测试阶段
/系统管理员/系统配置/邮件告警(#195),新增邮件告警模板填写不规范邮箱信息，给予相应提示,打开新增邮件告警模板页面,"1. 在告警模板上填写不正确邮箱信息
2. 点击确定","1. 
2. 提示：请输入正确的邮箱地址",,3,功能测试,功能测试阶段
/系统管理员/系统配置/告警日志配置(#196),查看cpu，磁盘，内存告警级别和告警值,,1. 显示cpu，磁盘，内存告警级别及告警值,1. 显示正常,,3,功能测试,功能测试阶段
/系统管理员/系统配置/告警日志配置(#196),点击cpu操作按钮，正常弹出告警设置,,1. 点击cpu操作按钮，弹出cpu告警设置,1. 正常弹出,,3,功能测试,功能测试阶段
/系统管理员/系统配置/告警日志配置(#196),点击告警级别正常弹出下拉框,,"1. 点击设置
2. 点击告警级别弹出下拉列表选择：告警、严重、致命级别","1. 
2. 正常弹出下拉框",,3,功能测试,功能测试阶段
/系统管理员/系统配置/告警日志配置(#196),告警值为空时，给予提示,,"1. 点击设置
2. 选择告警级别
3. 不输入告警值
4. 点击保存","1. 
2. 
3. 
4. 提示告警值不能为空",,3,功能测试,功能测试阶段
/系统管理员/系统配置/告警日志配置(#196),输入数字在50-100之间，显示保存成功,,"1. 点击设置
2. 选择告警级别
3. 告警值输入：50-100之间
4. 点击保存","1. 
2. 
3. 
4. 保存成功",,3,功能测试,功能测试阶段
/系统管理员/系统配置/告警日志配置(#196),输入数字如果小于50或大于100时，给予提示,,"1. 点击设置
2. 选择告警级别
3. 告警值输入：小于50或大于100
4. 点击保存","1. 
2. 
3. 
4. 提示告警值范围在50-100之间",,3,功能测试,功能测试阶段
/系统管理员/系统配置/系统升级/加密系统升级(#199),查看系统升级记录时时间和内容正确显示,,"1. 点击系统配置-系统升级-加密系统升级
2. 查看升级记录","1. 
2. 数据一致",,1,功能测试,功能测试阶段
/系统管理员/系统配置/系统升级/加密系统升级(#199),选择要上传的升级文件，提示上传成功,,"1. 点击添加升级文件
2. 点击上传升级文件
3. 选择文件
4. 点击上传","1. 
2. 
3. 
4. 点击上传，上传成功",,1,功能测试,功能测试阶段
/系统管理员/系统配置/系统升级/加密系统升级(#199),点击取消后返回界面,,"1. 点击添加升级文件
2. 点击上传升级文件
3. 选择文件
4. 点击取消按钮","1. 
2. 
3. 
4. 成功返回界面",,1,功能测试,功能测试阶段
/系统管理员/系统配置/系统升级/加密系统升级(#199),"上传成功点击升级按钮，服务后台重启后提示
升级成功",,"1. 文件上传成功后，点击升级按钮
2. 后台重启","1. 
2. 后台重启完成后提示升级成功",,1,功能测试,功能测试阶段
/系统管理员/系统配置/服务器配置(#198),"后台修改完服务器IP在页面输入修改kms的主
机IP地址，点击保存按钮，重启后可正常运行",,"1. 后台修改kms主机IP
2. 在页面输入修改后的kms主机IP地址
3. 点击保存","1. 
2. 
3. 点击保存，保存成功正常运行",,1,功能测试,功能测试阶段
/系统管理员/系统配置/服务器配置(#198),"后台修改完服务器IP在页面输入错误kms的主
机IP地址，点击保存按钮，摆错并给予提示",,"1. 后台修改kms主机IP
2. 在页面输入错误的的kms主机IP地址
3. 点击保存","1. 
2. 
3. 点击保存，提示IP地址错误",,1,功能测试,功能测试阶段
/系统管理员/系统配置/服务器配置(#198),"后台修改完服务器IP在页面输入修改kms的备
机IP地址，点击保存按钮，摆错并给予提示",,"1. 后台修改kms备机IP
2. 在页面输入错误的的kms备机IP地址
3. 点击保存","1. 
2. 
3. 点击保存，提示IP地址错误",,1,功能测试,功能测试阶段
/系统管理员/系统配置/服务器配置(#198),"后台修改完服务器IP在页面输入修改enc的主
机IP地址，点击保存按钮，重启后正常运行",,"1. 后台修改enc主机IP
2. 在页面输入修改后的kms主机IP地址
3. 点击保存","1. 后
2. 
3. 点击保存，保存成功正常运行",,1,功能测试,功能测试阶段
/系统管理员/系统配置/服务器配置(#198),"后台修改完服务器IP在页面输入修改enc的备
机IP地址，点击保存按钮，重启后正常运行",,"1. 后台修改enc备机IP
2. 在页面输入修改后的kms主机IP地址
3. 点击保存","1. 
2. 
3. 点击保存，保存成功正常运行",,1,功能测试,功能测试阶段
/系统管理员/系统配置/服务器配置(#198),"后台修改完服务器IP在页面输入修改index的
主机IP地址，点击保存按钮，重启后正常运行",,"1. 后台修改index主机IP
2. 在页面输入修改后的主机IP地址
3. 点击保存","1. 
2. 
3. 点击保存，保存成功正常运行",,1,功能测试,功能测试阶段
/系统管理员/系统配置/服务器配置(#198),"后台修改完服务器IP在页面输入修改index的
备机IP地址，点击保存按钮，重启后正常运行",,"1. 后台修改index备机IP
2. 在页面输入修改后的kms主机IP地址
3. 点击保存","1. 后台修改index备机IP
2. 在页面输入修改后的kms主机IP地址
3. 点击保存，保存成功正常运行",,1,功能测试,功能测试阶段
/系统管理员/系统配置/服务器配置(#198),"配置已有KMS服务的IP地址，点击保存，正常
运行",,"1. 在页面输入已有的kms主机IP地址
2. 点击保存","1. 
2. 点击保存，保存成功正常运行",,1,功能测试,功能测试阶段
/系统管理员/系统配置/服务器配置/密钥服务器配置(#201),配置正确的密钥服务器，提示成功,,"1. 配置正确的密钥服务器
2. 点击保存","1. 
2. 提示操作成功",,1,功能测试,功能测试阶段
/系统管理员/系统配置/服务器配置/密钥服务器配置(#201),配置不正确的密钥服务器，提示失败,,"1. 配置不正确的密钥服务器
2. 点击保存","1. 
2. 提示操作失败",,1,功能测试,功能测试阶段
/系统管理员/系统配置/服务器配置/管理服务器配置(#202),配置正确的管理服务器，提示成功,,1. 配置正确的管理服务器,1. 配置正确的管理服务器，提示成功,,1,功能测试,功能测试阶段
/系统管理员/系统配置/服务器配置/管理服务器配置(#202),配置不正确的管理服务器，提示失败,,1. 配置不正确的管理服务器,1. 配置不正确的管理服务器，提示失败,,1,功能测试,功能测试阶段
/系统管理员/系统配置/服务器配置/管理服务器配置(#202),双击热备，配置正确的主机IP地址，提示成功,,"1. 双击热备
2. 配置正确的主机IP地址","1. 
2. 提示成功",,1,功能测试,功能测试阶段
/系统管理员/系统配置/服务器配置/管理服务器配置(#202),双击热备，配置不正确的主机IP地址，提示IP地址错误,,"1. 双击热备
2. 配置不正确的主机IP地址","1. 
2. 提示IP地址错误",,1,功能测试,功能测试阶段
/系统管理员/系统配置/服务器配置/管理服务器配置(#202),双击热备，配置正确的备机IP地址，提示成功,,"1. 双击热备
2. 配置正确的备机IP地址","1. 
2. 提示成功",,1,功能测试,功能测试阶段
/系统管理员/系统配置/服务器配置/管理服务器配置(#202),双击热备，配置不正确的备机IP地址，提示IP地址错误,,"1. 双击热备
2. 配置不正确的备机IP地址","1. 
2. 提示IP地址错误",,1,功能测试,功能测试阶段
/系统管理员/系统配置/服务器配置/管理服务器配置(#202),配置正确的虚拟IP，提示成功,,"1. 双机热备
2. 输入主机和备机的IP
3. 输入正确的虚拟IP
4. 输入主备机的接口
5. 输入心跳间隔
6. 点击保存","1. 
2. 
3. 
4.
5. 
6. 提示成功",,,功能测试,功能测试阶段
/系统管理员/系统配置/服务器配置/管理服务器配置(#202),配置不正确的虚拟IP，提示IP地址错误,,"1. 双机热备
2. 输入主机和备机的IP
3. 输入正确的虚拟IP
4. 输入主备机的接口
5. 输入心跳间隔
6. 点击保存","1. 
2. 
3. 
4. 
5. 
6. 提示虚拟IP地址错误",,11,功能测试,功能测试阶段
/系统管理员/系统配置/服务器配置/管理服务器配置(#202),点击保存按钮，提示保存成功,,"1. 输入正确的主机和备机的IP地址
2. 输入虚拟IP
3. 选择主机和备机的接口
4. 输入心跳间隔
5. 点击保存","1. 
2. 
3. 
4. 
5. 提示保存成功",,1,功能测试,功能测试阶段
/系统管理员/系统配置/服务器配置/管理服务器配置(#202),修改虚拟IP，输入正确的虚拟IP填入点击保存，成功操作,登录系统管理员在系统配置/服务器配置/管理服务器配置,"1. 修改虚拟IP
2. 输入正确的虚拟IP填入
3. 点击保存","1. 
2. 
3. 保存成功",,1,功能测试,功能测试阶段
/系统管理员/系统配置/服务器配置/索引服务器配置(#203),配置正确的索引服务器，提示成功,登录系统管理员在系统配置/服务器配置/索引服务器配置,"1. 输入主备机IP
2. 输入虚拟IP
3. 选择主备机接口
4. 输入心跳间隔
5. 点击保存","1. 
2. 
3. 
4. 
5. 保存成功",,1,功能测试,功能测试阶段
/系统管理员/系统配置/服务器配置/索引服务器配置(#203),配置不正确的索引服务器，提示失败,登录系统管理员在系统配置/服务器配置/索引服务器配置,"1. 输入主备机IP
2. 输入虚拟IP
3. 选择主备机接口
4. 输入错误的心跳间隔
6. 点击保存","1. 
2. 
3. 
4. 
5. 提示失败",,1,功能测试,功能测试阶段
/系统管理员/系统配置/服务器配置/索引服务器配置(#203),双击热备，配置正确的主机IP地址，提示成功,登录系统管理员在系统配置/服务器配置/索引服务器配置,"1. 双击热备
2. 配置正确的主机IP地址","1. 
2. 提示成功",,1,功能测试,功能测试阶段
/系统管理员/系统配置/服务器配置/索引服务器配置(#203),双击热备，配置不正确的主机IP地址，提示IP地址错误,登录系统管理员在系统配置/服务器配置/索引服务器配置,"1. 双击热备
2. 配置不正确的主机IP地址","1. 
2. 提示IP地址错误",,1,功能测试,功能测试阶段
/系统管理员/系统配置/服务器配置/索引服务器配置(#203),双击热备，配置正确的备机IP地址，提示成功,登录系统管理员在系统配置/服务器配置/索引服务器配置,"1. 双击热备
2. 配置正确的备机IP地址","1. 
2. 提示成功",,1,功能测试,功能测试阶段
/系统管理员/系统配置/服务器配置/索引服务器配置(#203),双击热备，配置不正确的备机IP地址，提示IP地址错误,登录系统管理员在系统配置/服务器配置/索引服务器配置,"1. 双击热备
2. 配置不正确的备机IP地址","1. 
2. 提示IP地址有误",,1,功能测试,功能测试阶段
/系统管理员/系统配置/服务器配置/索引服务器配置(#203),配置正确的虚拟IP，提示成功,登录系统管理员在系统配置/服务器配置/索引服务器配置,"1. 输入主备机IP
2. 输入虚拟IP
3. 选择主备机接口
4. 输入心跳间隔
5. 点击保存","1. 
2. 
3. 
4. 
5. 保存成功",,1,功能测试,功能测试阶段
/系统管理员/系统配置/服务器配置/索引服务器配置(#203),配置不正确的虚拟IP，提示IP地址错误,登录系统管理员在系统配置/服务器配置/索引服务器配置,"1. 输入主备机IP
2. 输入错误虚拟IP
3. 选择主备机接口
4. 输入心跳间隔
5. 点击保存","1. 
2. 
3. 
4. 
5. 提示IP地址错误",,1,功能测试,功能测试阶段
/系统管理员/系统配置/服务器配置/索引服务器配置(#203),点击保存按钮，提示保存成功,登录系统管理员在系统配置/服务器配置/索引服务器配置,"1. 输入正确的主机和备机的IP地址
2. 输入虚拟IP
3. 选择主机和备机的接口
4. 输入心跳间隔
5. 点击保存","1. 
2. 
3. 
4. 
5. 提示保存成功",,1,功能测试,功能测试阶段
/系统管理员/系统配置/服务器配置/索引服务器配置(#203),修改虚拟IP，输入正确的虚拟IP填入点击保存，成功操作,登录系统管理员在系统配置/服务器配置/索引服务器配置,"1. 修改虚拟IP
2. 输入正确的虚拟IP填入
3. 点击保存","1. 
2. 
3. 保存成功",,1,功能测试,功能测试阶段
/安全管理员/数据统计(#217),查看数据统计图表，显示正常,,"1. 查看数据统计所有图表里加密与未加密的数据
2. 点击策略配置-加密配置统计加密与未加密的数据
3. 二至比对","1. 
2. 
3. 数据一致",,1,功能测试,功能测试阶段
/安全管理员/数据统计(#217),查看数据源图表，显示正确,,"1. 查看数据源统计图表里的表名
2. 点击策略配置-加密配置统计表名
3. 二至比对","1. 
2. 
3. 数据一致",,1,功能测试,功能测试阶段
/安全管理员/数据统计(#217),查看数据类型图表，显示正常,,"1. 查看数据类型图表里的类型
2. 点击策略配置-加密配置统计类型
4. 二至比对","1. 
2. 
3. 数据一致",,1,功能测试,功能测试阶段
/安全管理员/数据统计(#217),查看数据用户加密比例，比例正常显示,,"1. 统计策略配置-加密配置中的所有用户
2. 统计策略配置-加密配置中的所有未加密用户数量
3. 用未加密用户的数量除以全部用户的数量等于未加密的百分比
4. 用全部用户的数量的比例减去未加密的比例等于加密的比例
5. 用求出来的加密列比例与界面的对比","1. 
2. 
3. 
4. 
5. 数据一致",,1,功能测试,功能测试阶段
/安全管理员/数据统计(#217),查看数据表加密比例，比例正常显示,,"1. 统计策略配置-加密配置中的所有表数
2. 统计策略配置-加密配置中的所有未加密列表数
3. 用未加密表数除以总表数等于未加密的百分比
4. 用总表数的比例减去未加密的比例等于加密的比例
5. 用求出来的加密列比例与界面的对比","1. 
2. 
3. 
4. 
5. 数据一致",,1,功能测试,功能测试阶段
/安全管理员/数据统计(#217),查看数据列加密比例，比例正常显示,,"1. 统计策略配置-加密配置中的所有列数
2. 统计策略配置-加密配置中的所有未加密列数
3. 用未加密列数除以总列数等于未加密的百分比
4. 用总列数的比例减去未加密的比例等于加密的比例
5. 用求出来的加密列比例与界面的对比","1. 
2. 
3. 
4. 
5. 数据一致",,1,功能测试,功能测试阶段
/安全管理员/数据库概况(#218),查看实例名，实例名显示正确,,1. 查看实例名,1. 实例名显示正确,,1,功能测试,功能测试阶段
/安全管理员/数据库概况(#218),查看数据库版本，数据库版本显示正确,,1. 查看数据库版本,1. 数据库版本显示正确,,1,功能测试,功能测试阶段
/安全管理员/数据库概况(#218),查看状态，状态显示正确,,1. 查看状态,1. 状态显示正确,,1,功能测试,功能测试阶段
/安全管理员/数据库概况(#218),查看OPEN模式，OPEN模式显示正确,,1. 查看OPEN模式,1. OPEN模式显示正确,,1,功能测试,功能测试阶段
/安全管理员/数据库概况(#218),查看创建时间，创建时间显示正确,,1. 查看创建时间,1. 创建时间显示正确,,1,功能测试,功能测试阶段
/安全管理员/数据库概况(#218),查看启动时间，启动时间显示正确,,1. 查看启动时间,1. 启动时间显示正确,,1,功能测试,功能测试阶段
/安全管理员/数据库概况(#218),查看LOG模式，LOG模式显示正确,,1. 查看LOG模式,1. LOG模式显示正确,,1,功能测试,功能测试阶段
/安全管理员/数据库概况(#218),查看主机名，主机名显示正确,,1. 查看主机名,1. 主机名显示正确,,1,功能测试,功能测试阶段
/安全管理员/数据库概况(#218),查看操作系统，操作系统显示正确,,1. 查看操作系统,1. 操作系统显示正确,,1,功能测试,功能测试阶段
/安全管理员/数据库概况(#218),查看主目录，主目录显示正确,,1. 查看主目录,1. 主目录显示正确,,1,功能测试,功能测试阶段
/安全管理员/数据库概况(#218),查看表空间信息，对应信息显示正确,,1. 查看表空间信息；,1. 对应信息显示正确,,1,功能测试,功能测试阶段
/安全管理员/数据库概况(#218),查看文件参数，文件参数显示正常,,1. 查看文件参数；,1. 文件参数显示正常,,1,功能测试,功能测试阶段
/安全管理员/数据库概况(#218),查看系统全局区SGA，系统全局区SGA显示正常,,1. 查看系统全局区SGA；,"1. 系统全局区SGA
显示正常",,1,功能测试,功能测试阶段
/安全管理员/数据管理/数据源(#221),输入错误的数据源名称会有提示报错,打开新增数据源页面,"1. 输入41个字符，有超长字符数判断
2. 点击下一项","1. 
2. 提示“请输入少于40个字符”",,1,功能测试,功能测试阶段
/安全管理员/数据管理/数据源(#221),数据源名称非空检验,打开新增数据源页面,"1. 不输入名称
2. 点击下一项","1. 
2. 提示“名称不能为空”",,1,功能测试,功能测试阶段
/安全管理员/数据管理/数据源(#221),可以正常选择数据库类型,打开新增数据源页面,"1. 输入名称
2. 选择数据库类型","1. 
2. 可以正常选择数据库类型",,1,功能测试,功能测试阶段
/安全管理员/数据管理/数据源(#221),可以添加数据库的类型配置,打开新增数据源页面,"1. 输入名称
2. 选择数据库类型
3. 添加配置类型","1. 
2. 
3. 能添加oracle、mysql、sqlserver之
外的数据库类型；（如：sybase、DB2）",,1,功能测试,功能测试阶段
/安全管理员/数据管理/数据源(#221),可以输入正确的数据库IP,打开新增数据源页面,"1. 输入名称
2. 选择数据库类型
3. 输入正确的IP地址
4. 选择字符集类型
5. 输入端口、服务名、用户名、密码
6. 点击保存","1. 
2. 
3. 
4. 
5. 
6. 能正常保存；",,1,功能测试,功能测试阶段
/安全管理员/数据管理/数据源(#221),"填写非正常的IP地址：199.199.1234.1，提示“请输入
正确的IP地址”",打开新增数据源页面,"1. 输入名称
2. 选择数据库类型
3. 输入错误的IP地址
4. 选择字符集类型","1. 
2. 
3. 
4. 提示请输入正确IP地址",,1,功能测试,功能测试阶段
/安全管理员/数据管理/数据源(#221),"填写非正常的IP地址：sgk.ask.s.d，提示“请输入正确
的IP地址”",打开新增数据源页面,"1. 输入名称
2. 选择数据库类型
3. 输入错误的IP地址
4. 选择字符集类型","1. 
2. 
3. 
4. 提示请输入正确IP地址",,1,功能测试,功能测试阶段
/安全管理员/数据管理/数据源(#221),填写非正常的IP地址：==.=，提示“请输入正确的IP地址”,打开新增数据源页面,"1. 输入名称
2. 选择数据库类型
3. 输入错误的IP地址
4. 选择字符集类型","1. 
2. 
3. 
4. 提示请输入正确IP地址",,1,功能测试,功能测试阶段
/安全管理员/数据管理/数据源(#221),能正常保持选择的字符集类型,打开新增数据源页面,"1. 输入名称
2. 选择数据库类型
3. 输入正确的IP地址
4. 选择字符集类型","1. 
2. 
3. 
4. 能正常保持",,1,功能测试,功能测试阶段
/安全管理员/数据管理/数据源(#221),可以输入正常的端口,打开新增数据源页面,"1. 输入名称
2. 选择数据库类型
3. 输入正确的IP地址
4. 选择字符集类型
5. 输入正常的端口号
6. 输入服务名、用户名、密码
7. 点击保存","1. 
2. 
3. 
4. 
5. 
6. 
7. 能正常保存；",,1,功能测试,功能测试阶段
/安全管理员/数据管理/数据源(#221),"输入超过65535的数字：65536，提示“端口最大值为
65535”",打开新增数据源页面,"1. 输入名称
2. 选择数据库类型
3. 输入正确的IP地址
4. 选择字符集类型
5. 输入端口号：65536
6. 点击服务名","1. 
2. 
3. 
4. 
5. 
6. 提示“端口最大值为65535”",,1,功能测试,功能测试阶段
/安全管理员/数据管理/数据源(#221),输入英文字符：kjagdjh，提示不能输入,打开新增数据源页面,"1. 输入名称
2. 选择数据库类型
3. 输入正确的IP地址
4. 选择字符集类型
5. 输入端口号
6. 点击服务名输入英文字符：kjagdjh","1. 
2. 
3. 
4. 
5. 
6. 不能输入",,1,功能测试,功能测试阶段
/安全管理员/数据管理/数据源(#221),输入错误的字符：..==-0，，提示不能输入,打开新增数据源页面,"1. 输入名称
2. 选择数据库类型
3. 输入正确的IP地址
4. 选择字符集类型
5. 输入端口号
6. 点击服务名输入错误的字符：..==-0","1. 
2. 
3. 
4. 
5. 
6. 不能输入",,1,功能测试,功能测试阶段
/安全管理员/数据管理/数据源(#221),端口非空检验，提示端口不能为空,打开新增数据源页面,"1. 输入名称
2. 选择数据库类型
3. 输入正确的IP地址
4. 选择字符集类型
5. 不输入端口号
6. 点击服务名","1. 
2. 
3. 
4. 
5. 
6. 提示端口号不能为空",,1,功能测试,功能测试阶段
/安全管理员/数据管理/数据源(#221),可以输入正常的服务名,打开新增数据源页面,"1. 输入名称
2. 选择数据库类型
3. 输入正确的IP地址
4. 选择字符集类型
5. 输入正常的端口号
6. 输入正常的服务名
7. 输入用户名、密码
8. 点击保存","1. 
2. 
3. 
4. 
5. 
6. 
7. 能正常保存；",,1,功能测试,功能测试阶段
/安全管理员/数据管理/数据源(#221),"填写41个字符：qwertyuiopasdfghjklzxcvbnmqwer
tyuiopasdfghjklzxcvbnm，提示“请输入少于40个字符”",打开新增数据源页面,"1. 输入名称
2. 选择数据库类型
3. 输入正确的IP地址
4. 选择字符集类型
5. 输入正常的端口号
6. 输入41位字符的服务名
7. 点击用户名","1. 
2. 
3. 
4. 
5. 
6. 
7. 提示请输入少于40个字符",,1,功能测试,功能测试阶段
/安全管理员/数据管理/数据源(#221),"输入特殊字符：...-=-=，没有报错，保存时弹出：连接
错误，请检查参数",打开新增数据源页面,"1. 输入名称
2. 选择数据库类型
3. 输入正确的IP地址
4. 选择字符集类型
5. 输入正常的端口号
6. 输入服务名输入特殊字符：...-=-
7. 输入用户名
8. 输入密码
9. 点击保存","1. 
2. 
3. 
4. 
5. 
6. 
7. 
8. 
9. 提示连接错误，请检查参数",,1,功能测试,功能测试阶段
/安全管理员/数据管理/数据源(#221),服务名非空检验，提示“服务名不能为空”,打开新增数据源页面,"1. 输入名称
2. 选择数据库类型
3. 输入正确的IP地址
4. 选择字符集类型
5. 输入正常的端口号
6. 不输入的服务名
7. 点击用户名","1. 
2. 
3. 
4. 
5. 
6. 
7. 提示服务名不能为空",,1,功能测试,功能测试阶段
/安全管理员/数据管理/数据源(#221),可以输入正常的用户名,打开新增数据源页面,"1. 输入名称
2. 选择数据库类型
3. 输入正确的IP地址
4. 选择字符集类型
5. 输入正常的端口号
6. 输入的服务名
7. 输入正常的用户名","1. 
2. 
3. 
4. 
5. 
6. 
7. 能正常输入",,1,功能测试,功能测试阶段
/安全管理员/数据管理/数据源(#221),输入31个字符，提示只能输入30个字符,打开新增数据源页面,"1. 输入名称
2. 选择数据库类型
3. 输入正确的IP地址
4. 选择字符集类型
5. 输入正常的端口号
6. 不输入的服务名
7. 输入正常的用户名
8. 点击密码","1. 
2. 
3. 
4. 
5. 
6. 
7. 
8. 提示只能输入30个字符",,1,功能测试,功能测试阶段
/安全管理员/数据管理/数据源(#221),输入特殊字符：...==+-、。、，没有报错，保存时弹出：连接错误，请检查参数,打开新增数据源页面,"1. 输入名称
2. 选择数据库类型
3. 输入正确的IP地址
4. 选择字符集类型
5. 输入正常的端口号
6. 不输入的服务名
7. 输入正常的用户名
8. 点击密码输入特殊字符：...==+-、。、","1. 
2. 
3. 
4. 
5. 
6. 
7. 
8. 没有报错，保存时弹出：连接错误，请检查参数",,1,功能测试,功能测试阶段
/安全管理员/数据管理/数据源(#221),"用户名非空检验,提示“用户名不能为空”",打开新增数据源页面,"1. 输入名称
2. 选择数据库类型
3. 输入正确的IP地址
4. 选择字符集类型
5. 输入正常的端口号
6. 输入的服务名
7. 不输入用户名
8. 点击密码","1. 
2. 
3. 
4. 
5. 
6. 
7. 
8. 提示用户名不能为空",,1,功能测试,功能测试阶段
/安全管理员/数据管理/数据源(#221),输入正确的密码，保存成功,打开新增数据源页面,"1. 输入名称
2. 选择数据库类型
3. 输入正确的IP地址
4. 选择字符集类型
5. 输入正常的端口号
6. 输入的服务名
7. 输入用户名
8. 输入正常的密码
9. 点击保存","1. 
2. 
3. 
4. 
5. 
6. 
7. 
8. 
9. 保存成功",,1,功能测试,功能测试阶段
/安全管理员/数据管理/数据源(#221),输入错误的密码不能保存,打开新增数据源页面,"1. 输入名称
2. 输入数据库ip
3. 输入端口
4. 输入服务名
5. 输入用户名
6. 输入错误的密码
7. 点击保存","1. 
2. 
3. 
4. 
5. 
6. 
7. 保存失败",,1,功能测试,功能测试阶段
/安全管理员/数据管理/数据源(#221),点击打开明文密码可以明文显示且其他输入框不受影响,打开新增数据源页面,"1. 输入名称
2. 输入数据库ip
3. 输入端口
4. 输入服务名
5. 输入用户名
6. 输入密码
7. 点击明文显示按钮","1. 
2. 
3. 
4. 
5. 
6. 
7. 能正常明文显示密码，界面其他输入框不受影
响；",,1,功能测试,功能测试阶段
/安全管理员/数据管理/数据源(#221),点击关掉明文密码变为密文显示且其他输入框不受影响,打开新增数据源页面且已点击打开明文显示,"1. 输入名称
2. 输入数据库ip
3. 输入端口
4. 输入服务名
5. 输入用户名
6. 输入密码
7. 点击明文显示按钮
8. 点击关闭明文显示按钮","1. 
2. 
3. 
4. 
5. 
6. 
7. 
8. 明文变成密文，界面其他输入框不受影
响；",,1,功能测试,功能测试阶段
/安全管理员/数据管理/数据源(#221),无法删除已经有加密操作的数据源,,"1. 点击删除按钮
2. 点击确定","1. 弹出取消和确定按钮的弹框
2. 提示：有加密操作请解密后再删除",,1,功能测试,功能测试阶段
/安全管理员/数据管理/数据源(#221),可以删除没有加密操作的数据源,,"1. 无关联的加密表，点击删除数据源；
2. 点击确定","1. 
2. 点击确定，能够正常删除",,1,功能测试,功能测试阶段
/安全管理员/数据管理/数据源(#221),点击用户配置将用户列表用的用户拉到已配置用户中，操作成功,,"1. 点击用户配置弹出窗口
2. 用户列表里选择用户进行勾选
3. 点击右移按钮，该用户移动到已配置用户列表里
4. 已配置用户列表里选择用户勾选
5. 点击左移按钮，该用户移动到用户列表里
6. 点击保存按钮","1. 
2. 
3. 
4. 
5. 
6. 提示操作成功",,1,功能测试,功能测试阶段
/安全管理员/数据管理/数据源(#221),点击取消按钮，返回数据源界面,用户配置,"1. 点击用户配置弹出窗口
2. 用户列表里选择用户进行勾选
3. 点击右移按钮，该用户移动到已配置用户列表里
4. 已配置用户列表里选择用户勾选
5. 点击左移按钮，该用户移动到用户列表里
6. 点击取消按钮","1. 
2. 
3. 
4. 
5. 
6. 退出配置返回数据源界面",,1,功能测试,功能测试阶段
/安全管理员/数据管理/数据源(#221),点击返回按钮，返回数据源界面,白名单,"1. 点击白名单进入用户白名单授权界面
2. 点击返回","1. 
2. 退出，返回数据源界面",,1,功能测试,功能测试阶段
/安全管理员/数据管理/数据源(#221),点击白名单进入用户白名单授权界面，显示正常,,1. 点击白名单进入用户白名单授权界面,1. 显示正常,,1,功能测试,功能测试阶段
/安全管理员/数据管理/数据源(#221),对已有用户进行授权，点击授权按钮弹出授权界面，显示正常,用户已授权,"1. 点击白名单
2. 点击授权
3. 点击确定","1. 
2. 弹出应用弹框
3. 操作成功",,1,功能测试,功能测试阶段
/安全管理员/数据管理/数据源(#221),"点击勾选应用plsqldev.exe点击提交按钮则该应用中加密
数据铭文显示，其他应用显示加密，显示正常",,"1. 点击白名单进入用户白名单授权界面
2. 点击授权
3. 弹出授权弹框
4. 在弹框中选择plsqldev.exe
5. 点击提交","1. 
2. 
3. 
4. 
5. 正常显示",,1,功能测试,功能测试阶段
/安全管理员/数据管理/数据源(#221),"点击勾选应用navicat.exe点击提交按钮则该应用中加密数
据铭文显示，其他应用显示加密，显示正常",,"1. 点击白名单进入用户白名单授权界面
2. 点击授权
3. 弹出授权弹框
4. 在弹框中选择navicat.exe
5. 点击提交","1. 
2. 
3. 
4. 
5. 正常显示",,1,功能测试,功能测试阶段
/安全管理员/数据管理/数据源(#221),"点击勾选应用sqlplus点击提交按钮则该应用中加密数据铭
文显示，其他应用显示加密，显示正常",,"1. 点击白名单进入用户白名单授权界面
2. 点击授权
3. 弹出授权弹框
4. 在弹框中选择sqlplus
5. 点击提交","1. 
2. 
3. 
4. 
5. 正常显示",,1,功能测试,功能测试阶段
/安全管理员/数据管理/数据源(#221),"点击勾选应用JDBC Thin Client点击提交按钮则该应用中
加密数据铭文显示，其他应用显示加密，显示正常",,"1. 点击白名单进入用户白名单授权界面
2. 点击授权
3. 弹出授权弹框
4. 在弹框中选择JDBC Thin Client
5. 点击提交","1. 
2. 
3. 
4. 
5. 正常显示",,1,功能测试,功能测试阶段
/安全管理员/数据管理/数据源(#221),点击勾选多个应用授权，看有无冲突，分别查询数据，被勾选的铭文显示,,"1. 点击白名单进入用户白名单授权界面
2. 点击授权
3. 弹出授权弹框
4. 在弹框中选择多个应用
5. 点击提交","1. 
2. 
3. 
4. 
5. 正常显示",,1,功能测试,功能测试阶段
/安全管理员/数据管理/数据源(#221),点击新增IP按钮弹出IP输入框，显示正常,,"1. 点击白名单进入用户白名单授权界面
2. 点击授权
3. 弹出授权弹框
4. 在弹框中点击新增IP按钮","1. 
2. 
3. 
4. 正常显示",,1,功能测试,功能测试阶段
/安全管理员/数据管理/数据源(#221),再次点击新增IP按钮弹出第二个IP输入框，显示正常,,"1. 点击白名单进入用户白名单授权界面
2. 点击授权
3. 弹出授权弹框
4. 在弹框中点击新增IP按钮
5. 再次点击新增IP按钮","1. 
2. 
3. 
4. 
5. 正常显示",,1,功能测试,功能测试阶段
/安全管理员/数据管理/数据源(#221),连续点击新增IP按钮，弹出多个IP输入框，显示正常,,"1. 点击白名单进入用户白名单授权界面
2. 点击授权
3. 弹出授权弹框
4. 在弹框中点击新增IP按钮
5. 连续点击新增IP按钮","1. 
2. 
3. 
4. 
5. 正常显示",,1,功能测试,功能测试阶段
/安全管理员/数据管理/数据源(#221),IP非空检验，提示IP不能为空,,"1. 点击白名单进入用户白名单授权界面
2. 点击授权
3. 弹出授权弹框
4. 在弹框中点击新增IP按钮
5. 新增IP中不输入
6. 点击提交","1. 
2. 
3. 
4. 
5. 
6. 提示IP不能为空",,1,功能测试,功能测试阶段
/安全管理员/数据管理/数据源(#221),输入正确的IP，点击提交，提示保存正常,,"1. 点击白名单进入用户白名单授权界面
2. 点击授权
3. 弹出授权弹框
4. 在弹框中点击新增IP按钮
5. 新增IP中输入正确IP
6. 点击提交","1. 
2. 
3. 
4. 
5. 
6. 保存正常",,1,功能测试,功能测试阶段
/安全管理员/数据管理/数据源(#221),输入错误的IP，点击提交，提示请输入正确的IP,,"1. 点击白名单进入用户白名单授权界面
2. 点击授权
3. 弹出授权弹框
4. 在弹框中点击新增IP按钮
5. 新增IP中输入错误IP
6. 点击提交","1. 
2. 
3. 
4. 
5. 
6. 提示输入正确IP",,1,功能测试,功能测试阶段
/安全管理员/数据管理/数据源(#221),点击删除IP按钮，删除IP，正常删除,,"1. 点击白名单进入用户白名单授权界面
2. 点击授权
3. 弹出授权弹框
4. 在弹框中点击新增IP按钮
5. 点击删除按钮
6. 点击提交","1. 
2. 
3. 
4. 
5. 
6. 提正常删除",,1,功能测试,功能测试阶段
/安全管理员/数据管理/数据源(#221),点击取消授权按钮弹出界面点击取消返回，提示操作成功,,"1. 点击白名单进入用户白名单授权界面
2. 点击取消授权按钮  
3. 弹出弹框
4. 点击取消","1. 
2. 
3. 
4. 操作正常",,1,功能测试,功能测试阶段
/安全管理员/数据管理/数据源(#221),"点击取消授权按钮弹出界面点击确定取消授权，提示操作
成功",,"1. 点击白名单进入用户白名单授权界面
2. 点击取消授权按钮  
3. 弹出弹框
4. 点击确定","1. 
2. 
3. 
4. 操作正常",,1,功能测试,功能测试阶段
/安全管理员/数据管理/数据源(#221),最大允许新增20个IP，操作正常,,"1. 点击白名单进入用户白名单授权界面
2. 点击授权
3. 弹出授权弹框
4. 在弹框中点击新增IP按钮
5. 连续点击新增IP按钮到IP20
6. 新增按钮消失","1. 
2. 
3. 
4. 
5. 
6. 操作正常",,1,功能测试,功能测试阶段
/安全管理员/数据管理/数据源(#221),点击策略配置按钮，进入到加密配置正常显示数据加密界面,,"1. 点击策略配置按钮
2. 点击加密配置按钮","1. 
2. 正常显示",,1,功能测试,功能测试阶段
/安全管理员/数据管理/数据源(#221),密码，非空，特殊字符，检查，提示不能为空,,"1. 输入名称
2. 输入数据库ip
3. 输入端口
4. 输入服务名
5. 输入用户名
6. 不输入密码
7. 点击保存","1. 
2. 
3. 
4. 
5. 
6. 
7. 提示不能为空",,1,功能测试,功能测试阶段
/安全管理员/数据管理/数据源(#221),密码超出字符检查，没有密码长度限制,,"1. 输入名称
2. 输入数据库ip
3. 输入端口
4. 输入服务名
5. 输入用户名
6. 不限制输入密码的长度","1. 
2.
3. 
4. 
5. 
6. 密码超出字符检查，没有密码长度限制",,1,功能测试,功能测试阶段
/安全管理员/数据管理/数据源(#221),密码检查，输入错误密码，提示连接失败，检查参数,,"1. 输入名称
2. 输入数据库ip
3. 输入端口
4. 输入服务名
5. 输入用户名
6. 输入错误密码
7. 点击保存","1. 
2. 
3. 
4. 
5. 
6. 
7. 提示连接失败，检查参数",,1,功能测试,功能测试阶段
/安全管理员/数据管理/数据源(#221),密码检查，输入正确密码，添加成功,,"1. 输入名称
2. 输入数据库ip
3. 输入端口
4. 输入服务名
5. 输入用户名
6. 输入正确密码
7. 点击保存","1. 
2. 
3. 
4. 
5. 
6. 
7. 添加成功",,1,功能测试,功能测试阶段
/安全管理员/数据管理/数据源(#221),输入正确的原始密码，操作成功,,"1. 点击操作中的修改按钮
2. 输入正确的原始密码","1. 
2. 操作成功",,1,功能测试,功能测试阶段
/安全管理员/数据管理/数据源(#221),输入错误的原始密码，提示原始密码错误,,"1. 点击操作中的修改按钮
2. 输入错误的原始密码
3. 输入新密码
4. 点击提交","1. 
2. 
3. 
4. 提示原始密码错误",,1,功能测试,功能测试阶段
/安全管理员/数据管理/数据源(#221),新密码非空，特殊字符，检查，提示不能为空,,"1. 点击操作中的修改按钮
2. 输入原始密码
3. 不输入新密码
4. 点击提交","1. 
2. 
3. 
4. 提示新密码不能为空",,1,功能测试,功能测试阶段
/安全管理员/数据管理/数据源(#221),点击密码明文显示，显示正常,,"1. 输入原密码
2. 输入新密码
3. 点击密码明文显示","1. 
2. 
3. 正常显示",,1,功能测试,功能测试阶段
/安全管理员/数据管理/数据源(#221),输入完成点击保存按钮，操作成功,,"1. 输入原密码
2. 输入新密码
3. 点击保存","1. 
2. 
3. 操作成功",,1,功能测试,功能测试阶段
/安全管理员/数据管理/数据源(#221),输入完成点击取消按钮，返回界面,,"1. 输入原密码
2. 输入新密码
3. 点击取消按钮","1. 
2. 
3. 操作成功",,1,功能测试,功能测试阶段
/安全管理员/数据管理/数据源(#221),将数据库密码修改之后，在enc页面输入数据库变更后的数据源密码，变更成功,,"1. 在数据库修改数据源用户密码
2. 在enc页面输入数据库变更后的数据源密码
3. 点击提交","1. 
2. 
3. 操作成功",,1,功能测试,功能测试阶段
/安全管理员/数据管理/数据源(#221),将数据库密码修改之后，在enc页面输入数据库变更前的数据源密码，提示连接失败，检查参数,,"1. 不在数据库修改数据源用户密码
2. 在enc页面输入数据库变更前的数据源密码
3. 点击提交","1. 
2. 
3. 提示连接失败，检查参数",,1,功能测试,功能测试阶段
/安全管理员/数据管理/策略配置/加密配置(#224),选择列名点击保存弹出提示弹框，正常显示,,"1. 点击要选择的列名
2. 点击保存按钮","1. 
2. 正常显示",,1,功能测试,功能测试阶段
/安全管理员/数据管理/策略配置/加密配置(#224),点击手动加密，操作成功,,"1. 点击要选择的列名
2. 点击保存按钮
3. 弹出手动和自动按钮 
4. 点击手动按钮","1. 
2. 
3. 
4. 操作成功",,1,功能测试,功能测试阶段
/安全管理员/数据管理/策略配置/加密配置(#224),点击自动加密弹出设置任务执行时间弹框，操作正常,,"1. 点击要选择的列名
2. 点击保存按钮
3. 弹出手动和自动按钮 
4. 点击自动按钮
5. 弹出设置任务执行时间的弹框","1. 
2. 
3. 
4. 
5. 操作正常",,1,功能测试,功能测试阶段
/安全管理员/数据管理/策略配置/加密配置(#224),点击开始时间输入框显示日期表，操作正常,,"1. 点击要选择的列名
2. 点击保存按钮
3. 弹出手动和自动按钮 
4. 点击自动按钮
5. 弹出设置任务执行时间的弹框
6. 点击开始时间输入框显示日期表","1. 
2. 
3. 
4. 
5. 
6. 操作正常",,1,功能测试,功能测试阶段
/安全管理员/数据管理/策略配置/加密配置(#224),日期不能选择当天以前的，操作正常,,"1. 点击要选择的列名
2. 点击保存按钮
3. 弹出手动和自动按钮 
4. 点击自动按钮
5. 弹出设置任务执行时间的弹框
6. 点击开始时间输入框显示日期表
7. 但不能选择当天以前的日期","1. 
2. 
3. 
4. 
5. 
6. 
7. 操作正常",,1,功能测试,功能测试阶段
/安全管理员/数据管理/策略配置/加密配置(#224),日期，时间可以手动输入，操作正常,,"1. 点击要选择的列名
2. 点击保存按钮
3. 弹出手动和自动按钮 
4. 点击自动按钮
5. 弹出设置任务执行时间的弹框
6. 点击开始时间输入框显示日期表
7. 点击开始时间，可以手动输入","1. 
2. 
3. 
4. 
5. 
6. 
7. 操作正常",,1,功能测试,功能测试阶段
/安全管理员/数据管理/策略配置/加密配置(#224),点击时间列表显示时、分、秒的下拉菜单，操作正常,,"1. 点击要选择的列名
2. 点击保存按钮
3. 弹出手动和自动按钮 
4. 点击自动按钮
5. 弹出设置任务执行时间的弹框
6. 点击开始时间输入框显示日期表
7. 点击时间列表，能显示时，分，秒的下拉菜单","1. 
2. 
3. 
4. 
5. 
6. 
7. 操作正常",,1,功能测试,功能测试阶段
/安全管理员/数据管理/策略配置/加密配置(#224),点击确定按钮保存到任务列表，操作成功,,"1. 点击要选择的列名
2. 点击保存按钮
3. 弹出手动和自动按钮 
4. 点击自动按钮
5. 弹出设置任务执行时间的弹框
6. 点击开始时间输入框显示日期表，选择日期
7. 点击时间列表，选择时间
8. 点击保存","1. 
2. 
3. 
4. 
5. 
6. 
7. 
8. 操作正常",,1,功能测试,功能测试阶段
/安全管理员/数据管理/策略配置/加密配置(#224),点击取消按钮返回上一级，操作正常,,"1. 点击要选择的列名
2. 点击保存按钮
3. 弹出手动和自动按钮 
4. 点击自动按钮
5. 弹出设置任务执行时间的弹框
6. 点击取消按钮
7. 返回到手和自动按钮的弹框","1. 
2. 
3. 
4. 
5. 
6. 
7. 操作正常",,1,功能测试,功能测试阶段
/安全管理员/数据管理/策略配置/加密配置(#224),在“源”下拉列表，选择已有的数据源，能选择已有的数据源,,1. 在“源”下拉列表，选择已有的数据源,1. 能选择已有的数据源,,1,功能测试,功能测试阶段
/安全管理员/数据管理/策略配置/加密配置(#224),"在“源”下拉列表，选择已有的数据源，能选择新添加的数据
源",,1. 在“源”下拉列表，选择已有的数据源,1. 能选择新添加的数据源,,1,功能测试,功能测试阶段
/安全管理员/数据管理/策略配置/加密配置(#224),"在“源”下拉列表，选择删除的数据源，不显示已删除的数据
源",,1. 在“源”下拉列表，选择删除的数据源,1. 不显示已删除的数据源,,1,功能测试,功能测试阶段
/安全管理员/数据管理/策略配置/加密配置(#224),用户列表中，选择对应的用户，能选择对应的用户,,"1. 点击用户列表
2. 在里面选择对应的用户","1. 
2. 能选择对应的用户",,1,功能测试,功能测试阶段
/安全管理员/数据管理/策略配置/加密配置(#224),用户列表中，选择新增加的用户，能选择新增加的用户,,"1. 点击用户列表
2. 在里面选择新增的用户","1. 
2. 能选择新增的用户",,1,功能测试,功能测试阶段
/安全管理员/数据管理/策略配置/加密配置(#224),用户列表中，选择已删除的用户，不能选择已删除的用户,,"1. 点击用户列表
2. 在里面选择已删除的用户","1. 
2. 不能选择",,1,功能测试,功能测试阶段
/安全管理员/数据管理/策略配置/加密配置(#224),表名中，选择对应的表，能选择对应的表,,"1. 点击表名
2. 选择对应的表","1. 
2. 能选择对应表",,1,功能测试,功能测试阶段
/安全管理员/数据管理/策略配置/加密配置(#224),表名中，选择新增加的表，能选择新增加的表,,"1. 点击表名
2. 选择新增的表","1. 
2. 能选择新增的表",,1,功能测试,功能测试阶段
/安全管理员/数据管理/策略配置/加密配置(#224),表名中，选择已删除的表，不能选择已删除的表,,"1. 点击表名
2. 选择已删除的表","1. 
2. 不能选择已删除的表",,1,功能测试,功能测试阶段
/安全管理员/数据管理/策略配置/加密配置(#224),在页面上对数据源新增用户需要进行初始化,,"1. 点击用户配置
2. 新增一个用户
3. 点击确定
4. 再点击加密配置
5. 用户列表选择新增的用户
6. 需要再次点击初始化","1. 
2. 
3. 
4. 
5. 
6. 操作成功",,1,功能测试,功能测试阶段
/安全管理员/数据管理/策略配置/加密配置(#224),点击初始化按钮，弹出是否强制初始化弹窗，正常显示,,"1. 在数据源的界面上点击用户配置
2. 将已配置用户返回用户列表，点击保存
3. 再将用户从用户列表中添加到已配置用户列表中，点击保存
4. 点击加密配置
5. 点击初始化按钮","1. 
2. 
3. 
4. 
5. 弹出是否强制初始化弹窗",,1,功能测试,功能测试阶段
/安全管理员/数据管理/策略配置/加密配置(#224),点击取消按钮，返回，正常操作,,"1. 在数据源的界面上点击用户配置
2. 将已配置用户返回用户列表，点击保存
3. 再将用户从用户列表中添加到已配置用户列表中，点击保存
4. 点击加密配置
5. 点击初始化按钮
6. 点击取消按钮","1. 
2. 
3. 
4. 
5. 
6. 返回，正常操作",,1,功能测试,功能测试阶段
/安全管理员/数据管理/策略配置/加密配置(#224),点击确定按钮，进行初始化，正常操作,,"1. 在数据源的界面上点击用户配置
2. 将已配置用户返回用户列表，点击保存
3. 再将用户从用户列表中添加到已配置用户列表中，点击保存
4. 点击加密配置
5. 点击初始化按钮
6. 点击确认按钮","1. 
2. 
3. 
4. 
5. 
6. 操作成功",,1,功能测试,功能测试阶段
/安全管理员/数据管理/策略配置/加密配置(#224),选择相同的加密类型，选择相同的列类型，数据加密，正常保存,,"1. 选择AES128加密类型，选择NUMBER列类型
2. 点击保存
3. 再次选择AES128加密类型，选择NUMBER列类型
4. 点击保存","1. 
2. 正常保存 
3. 
4. 正常保存",,1,功能测试,功能测试阶段
/安全管理员/数据管理/策略配置/加密配置(#224),选择相同的加密类型，选择不同的列类型，数据加密，正常保存,,"1. 选择AES192加密类型，选择VARCHAR2列类型
2. 点击保存
3. 再次选择AES192加密类型，选择NUMBER列类型
4. 点击保存","1. 
2. 正常保存 
3. 
4. 正常保存",,1,功能测试,功能测试阶段
/安全管理员/数据管理/策略配置/加密配置(#224),选择不同的加密类型，选择不同的列类型，数据加密，正常保存,,"1. 选择AES256加密类型，选择VARCHAR2列类型
2. 点击保存
3. 再次选择3DES_SKEY加密类型，选择DATE列类型
4. 点击保存","1. 
2. 正常保存 
3. 
4. 正常保存",,1,功能测试,功能测试阶段
/安全管理员/数据管理/策略配置/加密配置(#224),选择加密类型SM4，进行数据加密，正常保存,,"1. 点击选择的表名
2. 点击选择的列名
3. 选择加密类型位SM4
4. 点击保存","1. 
2. 
3. 
4. 正常保存",,1,功能测试,功能测试阶段
/安全管理员/数据管理/策略配置/加密配置(#224),创建带有主建的表进行加密，主键列无法加密,,"1. 在数据库新建一张表
2. 第一条任务输入后
3. 输入完成后点击后面的钥匙符号，将它设置成主键列
4. 在enc页面点击刷新，点击加密配置
5. 点击初始化
6. 主键列显示该列为主键，不能进行加密加密","1. 
2. 
3. 新建成功
4. 
5. 
6. 主键列无法加密",,1,功能测试,功能测试阶段
/安全管理员/数据管理/策略配置/加密配置(#224),创建带有特殊字符的表进行加密，加密成功,,"1. 在数据库新建一张表
2. 第一条任务输入后，点击保存输入表名
3. 在enc页面点击刷新，点击加密配置
4. 点击初始化
5. 点击该表，选择一条用户，点击保存
6. 在加密任务中执行加密","1. 
2. 
3. 
4. 
5. 
6. 加密成功",,1,功能测试,功能测试阶段
/安全管理员/数据管理/策略配置/加密配置(#224),创建带约束的表进行加密，正常加密,,"1. 在数据库新建一张表
2. 输入数据
3. 点击保存
4. 输入表名
5. 在enc页面点击刷新，点击加密配置
6. 点击初始化
7. 点击该表，勾选数据，点击保存
8. 在加密任务中执行","1. 
2. 
3. 
4. 
5. 
6. 
7. 
8. 加密成功",,1,功能测试,功能测试阶段
/安全管理员/数据管理/策略配置/加密配置(#224),创建30位长度数字的表名进行加密，数据被加密，修改表名成功,,"1. 在数据库新建一张表
2. 输入数据
3. 点击保存
4. 输入30位数字的表名
5. 在enc页面点击刷新，点击加密配置
6. 点击初始化
7. 点击该表，勾选数据，点击保存
8. 在加密任务中执行","1. 
2. 
3. 
4. 
5. 
6. 
7. 
8. 加密成功，表名修改",,1,功能测试,功能测试阶段
/安全管理员/数据管理/策略配置/加密配置(#224),创建30位长度字母的表名进行加密，正常加密,,"1. 在数据库新建一张表
2. 输入数据
3. 点击保存
4. 输入30位字母的表名
5. 在enc页面点击刷新，点击加密配置
6. 点击初始化
7. 点击该表，勾选数据，点击保存
8. 在加密任务中执行","1. 
2. 
3. 
4. 
5. 
6. 
7. 
8. 加密成功",,1,功能测试,功能测试阶段
/安全管理员/数据管理/策略配置/加密配置(#224),创建10位长度汉字的表名进行加密，数据被成功，表名修改成功,,"1. 在数据库新建一张表
2. 输入数据
3. 点击保存
4. 输入30位字母的表名
5. 在enc页面点击刷新，点击加密配置
6. 点击初始化
7. 点击该表，勾选数据，点击保存
8. 在加密任务中执行","1. 
2. 
3. 
4. 
5. 
6. 
7. 
8. 加密成功，表名修改",,1,功能测试,功能测试阶段
/安全管理员/数据管理/策略配置/加密配置(#224),创建8位长度汉字的表名进行加密，正常加密,,"1. 在数据库新建一张表
2. 输入数据
3. 点击保存
4. 输入30位字母的表名
5. 在enc页面点击刷新，点击加密配置
6. 点击初始化
7. 点击该表，勾选数据，点击保存
8. 在加密任务中执行","1. 
2. 
3. 
4. 
5. 
6. 
7. 
8. 加密成功",,1,功能测试,功能测试阶段
/安全管理员/数据管理/策略配置/加密配置(#224),创建30位长度数字的列名进行加密，正常加密,,"1. 在数据库新建一张表
2. 输入一个带30位数字的列名
3. 点击保存
4. 输入表名
5. 在enc页面点击刷新，点击加密配置
6. 点击初始化
7. 点击该表，勾选数据，点击保存
8. 在加密任务中执行","1. 
2. 
3. 
4. 
5. 
6. 
7. 
8. 加密成功",,1,功能测试,功能测试阶段
/安全管理员/数据管理/策略配置/加密配置(#224),创建30位长度字母的列名进行加密，正常加密,,"1. 在数据库新建一张表
2. 输入一个带30位字母的列名
3. 点击保存
4. 输入表名
5. 在enc页面点击刷新，点击加密配置
6. 点击初始化
7. 点击该表，勾选数据，点击保存
8. 在加密任务中执行","1. 
2. 
3. 
4. 
5. 
6. 
7. 
8. 加密成功",,1,功能测试,功能测试阶段
/安全管理员/数据管理/策略配置/加密配置(#224),创建汉字列名的表进行加密，正常加密,,"1. 在数据库新建一张表
2. 输入一个汉字的列名
3. 点击保存
4. 输入表名
5. 在enc页面点击刷新，点击加密配置
6. 点击初始化
7. 点击该表，勾选数据，点击保存
8. 在加密任务中执行","1. 
2. 
3. 
4. 
5. 
6. 
7. 
8. 加密成功",,1,功能测试,功能测试阶段
/安全管理员/数据管理/策略配置/加密配置(#224),"CLOB,NCLOB,NVARCHAR2,BLOB插入汉字做了限制，可以正常加密",,"1. 在数据库新建一张表
2. 输入名，点击类型选择CLOB
3. 然后在CLOB中插入汉字
4. 点击保存
5. 输入表名
6. 在enc页面点击刷新，点击加密配置
7. 点击初始化
8. 点击该表，勾选数据，点击保存
9. 在加密任务中执行","1. 
2. 
3. 
4. 
5. 
6. 
7. 
8.
9. 加密成功",,1,功能测试,功能测试阶段
/安全管理员/数据管理/策略配置/加密配置(#224),创建30位长度字母的表名进行创建索引，创建成功,,"1. 在数据库新建一张表
2. 输入数据
3. 点击保存
4. 输入30位字母的表名
5. 在enc页面点击刷新，点击加密配置
6. 点击初始化
7. 点击该表，勾选数据，点击保存
8. 在加密任务中执行
9. 点击索引配置，选择数据，点击保存
10. 在索引任务中执行创建","1. 
2. 
3. 
4. 
5. 
6. 
7. 
8.
9.
10. 创建成功",,1,功能测试,功能测试阶段
/安全管理员/数据管理/策略配置/加密配置(#224),创建10位长度汉字的表名进行创建索引，创建成功,,"1. 在数据库新建一张表
2. 输入数据
3. 点击保存
4. 输入10位汉字的表名
5. 在enc页面点击刷新，点击加密配置
6. 点击初始化
7. 点击该表，勾选数据，点击保存
8. 在加密任务中执行
9. 点击索引配置，选择数据，点击保存
10. 在索引任务中执行创建","1. 
2. 
3. 
4. 
5. 
6. 
7. 
8.
9.
10. 创建成功",,1,功能测试,功能测试阶段
/安全管理员/数据管理/策略配置/加密配置(#224),创建8位长度汉字的表名进行创建索引，创建成功,,"1. 在数据库新建一张表
2. 输入数据
3. 点击保存
4. 输入8位汉字的表名
5. 在enc页面点击刷新，点击加密配置
6. 点击初始化
7. 点击该表，勾选数据，点击保存
8. 在加密任务中执行
9. 点击索引配置，选择数据，点击保存
10. 在索引任务中执行创建","1. 
2. 
3. 
4. 
5. 
6. 
7. 
8.
9.
10. 创建成功",,1,功能测试,功能测试阶段
/安全管理员/数据管理/策略配置/加密配置(#224),创建30位长度字母的列名进行创建索引，创建成功,,"1. 在数据库新建一张表
2. 输入数据
3. 点击保存
4. 输入30位字母的表名
5. 在enc页面点击刷新，点击加密配置
6. 点击初始化
7. 点击该表，勾选数据，点击保存
8. 在加密任务中执行
9. 点击索引配置，选择数据，点击保存
10. 在索引任务中执行创建","1. 
2. 
3. 
4. 
5. 
6. 
7. 
8.
9.
10. 创建成功",,1,功能测试,功能测试阶段
/安全管理员/数据管理/策略配置/加密配置(#224),点击策略配置中表名后面的小人，弹出授权界面，正常显示,,"1. 点击策略配置按钮
2. 点击加密配置按钮
3. 点击后面的小人按钮
4. 弹出授权界面","1. 
2. 
3. 
4. 正常显示",,1,功能测试,功能测试阶段
/安全管理员/数据管理/策略配置/加密配置(#224),"数据库中创建用户完成给表授权完成，表进行加密完成后，
授权用户在弹窗中显示，正常显示",,"1. 数据库新建一张表
2. 勾选数据进行加密
3. 加密完成后，授权用户弹窗显示","1. 
2. 
3. 正常显示",,1,功能测试,功能测试阶段
/安全管理员/数据管理/策略配置/加密配置(#224),"点击SELECT功能点击保存，授权功能只显示SELECT，该用
户只能进行查询操作，正常操作",,"1. 点击授权
2. 勾选SELCET查询
3. 点击保存
4. 该表只能进行查询操作","1. 弹出选择框
2. 
3. 正常显示
4. 正常操作",,1,功能测试,功能测试阶段
/安全管理员/数据管理/策略配置/加密配置(#224),"点击DELETE功能点击保存，授权功能只显示DELET，该用户
只能进行删除操作，正常操作",,"1. 点击授权
2. 勾选DELETE删除
3. 点击保存
4. 该表只能进行删除操作","1. 弹出选择框
2. 
3. 正常显示
4. 正常操作",,1,功能测试,功能测试阶段
/安全管理员/数据管理/策略配置/加密配置(#224),"点击INSERT功能点击保存，授权功能只显示INSERT，该用
户只能进行插入操作，正常操作",,"1. 点击授权
2. 勾选INSERTC插入
3. 点击保存
4. 该表只能进行插入操作","1. 弹出选择框
2. 
3. 正常显示
4. 正常操作",,1,功能测试,功能测试阶段
/安全管理员/数据管理/策略配置/加密配置(#224),"点击全选按钮，SELECT、DELETE、INSERT三种功能全部勾
选，点击保存，授权功能显示三种功能，该用户能进行查询
、删除、插入操作，正常显示",,"1. 点击授权
2. 勾选全选
3. 点击保存
5. 该表能进行增删改查操作","1. 弹出选择框
2. 
3. 正常显示
5. 正常操作",,1,功能测试,功能测试阶段
/安全管理员/数据管理/策略配置/加密配置(#224),点击取消按钮返回授权列表，正常显示,,"1. 点击加密表授权
2. 点击设置
3. 点击取消","1. 弹出设置弹框
2. 弹出功能选择弹框
3. 返回设置弹框",,1,功能测试,功能测试阶段
/安全管理员/数据管理/策略配置/加密配置(#224),创建number带小数的表进行加密创建索引对比前后数据,,"1. 在数据库创建number列类型带小数的表
2. 在enc界面对其进行加密操作和创建索引
3. 完成后，到数据库查看数据","1. 
2. 
3. 数据一致",,1,功能测试,功能测试阶段
/安全管理员/数据管理/策略配置/加密配置(#224),"创建DATE、TIMESTAMP(6)、 TIMESTAMP WITH LOCAL TIME
ZONE、TIMESTAMP WITH TIME ZONE加密创建索引对比前后
数据",,"1. 在数据库创建创建带DATE、TIMESTAMP(6)、 TIMESTAMP WITH LOCAL TIME ZONE、TIMESTAMP WITH TIME ZONE列类型的表
2. 在enc界面对其进行加密操作和创建索引
3. 完成后，到数据库查看数据","1. 
2. 
3. 数据一致",,1,功能测试,功能测试阶段
/安全管理员/数据管理/策略配置/解密配置(#225),选择已加密的一条数据，进行解密，能正常解密,,"1. 点击解密配置
2. 勾选数据
3. 点击保存
4. 选择手动","1. 
2. 
3. 
4. 正常解密",,1,功能测试,功能测试阶段
/安全管理员/数据管理/策略配置/解密配置(#225),选择已加密的多条数据，进行解密，能正常解密,,"1. 点击解密配置
2. 勾选多条数据
3. 点击保存
4. 选择手动","1. 
2. 
3. 
4. 正常解密",,1,功能测试,功能测试阶段
/安全管理员/数据管理/策略配置/解密配置(#225),选择解密的列点击保存按钮弹出提示手动、自动，正常显示,,"1. 点击解密配置
2. 勾选数据
3. 点击保存
4. 弹出手动和自动的弹框","1. 
2. 
3. 
4. 正常显示",,1,功能测试,功能测试阶段
/安全管理员/数据管理/策略配置/解密配置(#225),点击自动按钮弹出设置执行时间弹窗，正常显示,,"1. 点击解密配置
2. 勾选数据
3. 点击保存
4. 选择自动
5. 弹出设置执行时间弹窗","1. 
2. 
3. 
4. 
5. 正常显示",,1,功能测试,功能测试阶段
/安全管理员/数据管理/策略配置/解密配置(#225),点击开始时间弹出日期时间表，操作正常,,"1. 点击解密配置
2. 勾选数据
3. 点击保存
4. 选择自动
5. 弹出设置执行时间弹窗
6. 点击开始时间，弹出时间日期表","1. 
2. 
3. 
4. 
5. 
6. 操作正常",,1,功能测试,功能测试阶段
/安全管理员/数据管理/策略配置/解密配置(#225),日期不能选择当天以前的，操作正常,,"1. 点击解密配置
2. 勾选数据
3. 点击保存
4. 选择自动
5. 弹出设置执行时间弹窗
6. 点击开始时间，弹出时间日期表
7. 不能选择当天以前的时间","1. 
2. 
3. 
4. 
5. 
6. 
7. 操作正常",,1,功能测试,功能测试阶段
/安全管理员/数据管理/策略配置/解密配置(#225),日期，时间可以手动输入，操作正常,,"1. 点击解密配置
2. 勾选数据
3. 点击保存
4. 选择自动
5. 弹出设置执行时间弹窗
6. 点击开始时间，可以手动输入","1. 
2. 
3. 
4. 
5. 
6. 操作正常",,1,功能测试,功能测试阶段
/安全管理员/数据管理/策略配置/解密配置(#225),点击时间列表显示时、分、秒的下拉菜单， 操作正常,,"1. 点击解密配置
2. 勾选数据
3. 点击保存
4. 选择自动
5. 弹出设置执行时间弹窗
6. 点击开始时间，弹出时间日期表
7. 点击选择时间，显示时、分、秒的下拉菜单","1. 
2. 
3. 
4. 
5. 
6. 
7. 操作正常",,1,功能测试,功能测试阶段
/安全管理员/数据管理/策略配置/解密配置(#225),点击确定按钮保存到任务列表，操作成功,,"1. 点击解密配置
2. 勾选数据
3. 点击保存
4. 选择自动
5. 弹出设置执行时间弹窗
6. 点击开始时间，弹出时间日期表
7. 选择日期和时间，点击确定","1. 
2. 
3. 
4. 
5. 
6. 
7. 操作正常",,1,功能测试,功能测试阶段
/安全管理员/数据管理/策略配置/解密配置(#225),点击取消按钮返回上一级，操作正常,,"1. 点击解密配置
2. 勾选数据
3. 点击保存
4. 选择自动
5. 弹出设置执行时间弹窗
6. 点击开始时间，弹出时间日期表
7. 选择日期和时间，点击取消","1. 
2. 
3. 
4. 
5. 
6. 
7. 操作正常",,1,功能测试,功能测试阶段
/安全管理员/数据管理/策略配置/索引配置(#226),加密任务完成后，索引配置里显示加密成功后的数据，显示正常,,"1. 勾选数据进行加密
2. 在加密任务中执行加密
3. 加密成功后，在索引配置中查看加密成功后的数据","1. 
2. 
3. 显示正常",,1,功能测试,功能测试阶段
/安全管理员/数据管理/策略配置/索引配置(#226),"点击创建索引按钮，点击手动，按钮状态变成取消创建索引任务
，提示操作成功",,"1. 点击创建索引按钮
2. 点击手动
3. 按钮变成取消创建索引任务","1. 
2. 
3. 操作成功",,1,功能测试,功能测试阶段
/安全管理员/数据管理/策略配置/索引配置(#226),点击取消创建索引，提示操作成功,,"1. 点击创建索引按钮
2. 点击手动
3. 按钮变成取消创建索引任务
4. 点击取消创建索引按钮","1. 
2. 
3. 
4. 操作成功",,1,功能测试,功能测试阶段
/安全管理员/数据管理/策略配置/索引配置(#226),索引执行完成后显示删除索引按钮，显示正常,,"1. 创建索引
2. 点击任务管理中索引任务
3. 执行索引
4. 成功后返回索引配置中该列操作按钮变成删除索引","1. 
2. 
3. 
4. 显示正常",,1,功能测试,功能测试阶段
/安全管理员/数据管理/策略配置/索引配置(#226),点击删除索引按钮后状态变成取消删除索引任务，提示操作成功,,"1. 创建索引
2. 点击任务管理中索引任务
3. 执行索引
4. 成功后返回索引配置中该列操作按钮变成删除索引
5. 点击删除按钮，选择手动","1. 
2. 
3. 
4.
5. 操作成功",,1,功能测试,功能测试阶段
/安全管理员/数据管理/策略配置/索引配置(#226),点击创建索引弹出执行方式，正常显示,,"1. 点击创建索引
2. 弹出执行方式弹框","1. 
2. 正常显示",,1,功能测试,功能测试阶段
/安全管理员/数据管理/策略配置/索引配置(#226),点击手动按钮，操作成功,,"1. 点击创建索引
2. 弹出执行方式弹框
3. 点击手动按钮","1. 
2. 
3. 操作成功",,,功能测试,功能测试阶段
/安全管理员/数据管理/策略配置/索引配置(#226),点击自动按钮弹出设置时间界面，操作正常,,"1. 点击创建索引
2. 选择自动
3. 弹出设置执行时间弹窗","1. 
2. 
3. 操作正常",,11,功能测试,功能测试阶段
/安全管理员/数据管理/策略配置/索引配置(#226),点击开始时间显示日期、时间表，正常显示,,"1. 点击创建索引
2. 选择自动
3. 点击开始时间
4. 显示日期、时间表","1. 
2. 
3. 
4. 正常显示",,,功能测试,功能测试阶段
/安全管理员/数据管理/策略配置/索引配置(#226),选择日期时间，也可手动输入，操作正常,,"1. 点击创建索引
2. 选择自动
3. 点击开始时间
4. 显示日期、时间表
5. 既可以点击选择日期，也可以手动输入","1. 
2. 
3. 
4. 
5. 操作正常",,11,功能测试,功能测试阶段
/安全管理员/数据管理/策略配置/索引配置(#226),点击确定按钮正常录入，操作正常,,"1. 点击创建索引
2. 选择自动
3. 点击开始时间
4. 选择日期、时间表
5. 点击确定","1. 
2. 
3. 
4. 
5. 
6. 操作正常",,1,功能测试,功能测试阶段
/安全管理员/数据管理/策略配置/索引配置(#226),录入完成后点击取消按钮返回索引配置界面，操作正常,,"1. 点击创建索引
2. 选择自动
3. 点击开始时间
4. 选择日期、时间表
5. 点击取消","1. 
2. 
3. 
4. 
5. 返回索引配置界面，操作正常",,1,功能测试,功能测试阶段
/安全管理员/数据管理/策略配置/索引配置(#226),点击确定按钮添加至任务中，操作正常,,"1. 点击创建索引
2. 选择自动
3. 点击开始时间
4. 选择日期、时间表
6. 点击确定","1. 
2. 
3. 
4. 
5. 操作正常",,1,功能测试,功能测试阶段
/安全管理员/数据管理/策略配置/索引配置(#226),索引主机停止服务，虚拟IP切换到备机进行，数据正常进行同步,索引正确性查询以及切换到备机时也有数据改变；（切换到备机时也有数据改变）,"1. 主机输入命令：systemctl stop index（在xshell）
2. 在系统管理员中刷新查看索引主机是否停止
3. 返回安全管理员，点击索引配置
4. 勾选数据，点击保存
5. 在索引任务中执行","1. 
2. 
3. 
4. 
5. 操作成功",,1,功能测试,功能测试阶段
/安全管理员/数据管理/策略配置/索引配置(#226),索引备机停止服务，虚拟IP切换到主机进行，数据正常进行同步,索引正确性查询以及切换到备机时也有数据改变；（切换到备机时也有数据改变）,"1. 备机输入命令：systemctl stop index（在xshell）
2. 在系统管理员中刷新查看索引备机是否停止
3. 返回安全管理员，点击索引配置
4. 勾选数据，点击保存
6. 在索引任务中执行","1. 
2. 
3. 
4. 
5. 操作成功",,1,功能测试,功能测试阶段
/安全管理员/数据管理/策略配置/索引配置(#226),"主备机keepalived同时启动，主机创建索引成功后创建索引同步
位置点，备机开始同步",索引正确性查询以及切换到备机时也有数据改变；（切换到备机时也有数据改变）,"1. 主机创建索引
2. 创建成功后，linux查看
3. 备机也在linux查看是否同步","1. 
2. 
3. 正常同步",,1,功能测试,功能测试阶段
/安全管理员/数据管理/策略配置/索引配置(#226),"加密100万条数据后，进行等值查询，对比没加密的数据结果，
降低效率应该小于10%；",,1. 加密100万条数据后，在数据库进行等值查询,1. 加密100万条数据后，进行等值查询，对比没加密的数据结果，降低效率应该小于10%；,,1,功能测试,功能测试阶段
/安全管理员/数据管理/策略配置/索引配置(#226),"加密100万条数据后，进行范围查询，对比没加密的数据结果，
降低效率应该小于10%；",,1. 加密100万条数据后，在数据库进行范围查询,1. 加密100万条数据后，进行范围查询，对比没加密的数据结果，降低效率应该小于10%；,,1,功能测试,功能测试阶段
/安全管理员/数据管理/策略配置/密钥更新(#227),点击数据源操作栏弹出下拉菜单选择源，操作正常,,"1. 点击策略配置中的密钥更新
2. 点击数据源
3. 弹出下拉菜单选择数据源","1. 
2. 
3. 操作正常",,1,功能测试,功能测试阶段
/安全管理员/数据管理/策略配置/密钥更新(#227),点击用户栏弹出下拉菜单选择用户，操作正常,,"1. 点击策略配置中的密钥更新
2. 点击用户栏
3. 弹出下拉菜单选择用户","1. 
2. 
3. 操作正常",,1,功能测试,功能测试阶段
/安全管理员/数据管理/策略配置/密钥更新(#227),选择表名选择列点击勾选，操作正常,,"1. 点击策略配置中的密钥更新
2. 选择表名
3. 选择列点击勾选","1. 
2. 
3. 操作正常",,1,功能测试,功能测试阶段
/安全管理员/数据管理/策略配置/密钥更新(#227),点击保存按钮弹出提示框显示手动、自动按钮，操作正常,,"1. 勾选一列数据
2. 点击保存
3. 弹出选择手动或自动的提示框","1. 
2. 
3. 操作正常",,1,功能测试,功能测试阶段
/安全管理员/数据管理/策略配置/密钥更新(#227),点击手动按钮，操作成功,,"1. 勾选一列数据
2. 点击保存
3. 弹出选择手动或自动的提示框
4. 点击手动按钮","1. 
2. 
3. 
4. 操作成功",,1,功能测试,功能测试阶段
/安全管理员/数据管理/策略配置/密钥更新(#227),点击自动按钮弹出设置任务执行时间，操作正常,,"1. 勾选一列数据
2. 点击保存
3. 弹出选择手动或自动的提示框
4. 点击自动按钮
5. 弹出设置任务执行时间的弹框","1. 
2. 
3. 
4. 
5. 操作成功",,1,功能测试,功能测试阶段
/安全管理员/数据管理/策略配置/密钥更新(#227),点击开始时间输入框弹出时间表，操作正常,,"1. 勾选一列数据
2. 点击保存
3. 弹出选择手动或自动的提示框
4. 点击自动按钮
5. 弹出设置任务执行时间的弹框
6. 点击开始时间弹出时间表","1. 
2. 
3. 
4. 
5. 
6. 操作正常",,1,功能测试,功能测试阶段
/安全管理员/数据管理/策略配置/密钥更新(#227),选择日期、时间也可手动输入，操作正常,,"1. 勾选一列数据
2. 点击保存
3. 弹出选择手动或自动的提示框
4. 点击自动按钮
5. 弹出设置任务执行时间的弹框
6. 点击日期和时间框可以手动输入","1. 
2. 
3. 
4. 
5. 
6. 操作正常",,1,功能测试,功能测试阶段
/安全管理员/数据管理/策略配置/密钥更新(#227),点击确认正常录入，操作正常,,"1. 勾选一列数据
2. 点击保存
3. 弹出选择手动或自动的提示框
4. 点击自动按钮
5. 弹出设置任务执行时间的弹框
6. 选择日期和时间
7. 点击确定，正常录入","1. 
2. 
3. 
4. 
5. 
6. 
7. 操作正常",,1,功能测试,功能测试阶段
/安全管理员/数据管理/策略配置/密钥更新(#227),录入完成点击取消按钮返回上一界面，操作正常,,"1. 勾选一列数据
2. 点击保存
3. 弹出选择手动或自动的提示框
4. 点击自动按钮
5. 弹出设置任务执行时间的弹框
6. 选择日期和时间
7. 点击取消，返回上一界面","1. 
2. 
3. 
4. 
5. 
6. 
7. 操作正常",,1,功能测试,功能测试阶段
/安全管理员/数据管理/策略配置/密钥更新(#227),录入完成点击确定添加至任务中，操作正常,,"1. 勾选一列数据
2. 点击保存
3. 弹出选择手动或自动的提示框
4. 点击自动按钮
5. 弹出设置任务执行时间的弹框
6. 选择日期和时间
7. 点击确定，正常录入
8. 点击确定，添加到任务中","1. 
2. 
3. 
4. 
5. 
6. 
7. 
8. 操作正常",,1,功能测试,功能测试阶段
/安全管理员/数据管理/任务管理/加密任务(#228),选择一个未执行的任务，执行加密，能正常加密,,"1. 在加密任务中选择一个未加密的任务
2. 执行加密","1. 
2. 正常加密",,1,功能测试,功能测试阶段
/安全管理员/数据管理/任务管理/加密任务(#228),选择多个未执行的任务，同时执行加密，能正常加密,,"1. 在加密任务中选择多个未加密的任务
2. 执行加密","1. 
2. 正常加密",,1,功能测试,功能测试阶段
/安全管理员/数据管理/任务管理/加密任务(#228),选择加密失败的任务，查看详情，能正常查看失败原因,,"1. 选择加密失败的任务
2. 点击详情，查看原因","1. 
2. 能正常查看失败原因",,1,功能测试,功能测试阶段
/安全管理员/数据管理/任务管理/加密任务(#228),筛选数据源，查看对应的执行结果，能正常进行筛选查看,,"1. 筛选数据源
2. 点击详情，查看","1. 
2. 能正常进行筛选查看",,1,功能测试,功能测试阶段
/安全管理员/数据管理/任务管理/加密任务(#228),带有定时加密任务在规定时间内后台是否自动执行，正常执行,,"1. 在加密配置中选择一条用户进行自动加密选择时间
2. 在加密任务中执行加密
3. 点击详情，查看执行是否正常","1. 
2. 
3. 正常执行",,1,功能测试,功能测试阶段
/安全管理员/数据管理/任务管理/加密任务(#228),多条自动执行的定时任务并发稳定性，正常稳定,,"1. 在加密配置中选择多条用户进行自动加密选择时间
2. 在加密任务中执行加密
3. 查看执行时的并发稳定性","1. 
2. 
3. 正常稳定",,1,功能测试,功能测试阶段
/安全管理员/数据管理/任务管理/加密任务(#228),加密任务进行中oracle重启看数据恢复,,"1. 在加密配置中选一条用户进行保存
2. 在加密任务中执行加密
3. 切换到数据库对oracle进行重启，看数据是否能正常加密","1. 
2. 
3. 数据正常加密",,1,功能测试,功能测试阶段
/安全管理员/数据管理/任务管理/加密任务(#228),enc加密过程中开启kms防火墙，获取密钥错误,,"1. 在加密配置中选一条用户进行保存
2. 在加密任务中执行加密
3. 切换到xshell中开启kms的防火墙，开是否能获取密钥","1. 
2. 
3. 获取密钥错误",,1,功能测试,功能测试阶段
/安全管理员/数据管理/任务管理/加密任务(#228),enc加密过程中，开启enc防火墙，加密执行成功,,"1. 在加密配置中选一条用户进行保存
2. 在加密任务中执行加密
3. 切换到xshell中开启enc的防火墙，开是否能获取密钥","1. 
2. 
3. 获取密钥错误",,1,功能测试,功能测试阶段
/安全管理员/数据管理/任务管理/解密任务(#229),进行一条待执行的解密任务，进行解密，能正常解密,,"1. 在解密任务中选择一条待执行的解密任务
2. 进行解密","1. 
2. 能正常解密",,1,功能测试,功能测试阶段
/安全管理员/数据管理/任务管理/解密任务(#229),进行多条待执行的解密任务，进行解密，能正常解密,,"1. 在解密任务中选择多条待执行的解密任务
2. 进行解密","1. 
2. 能正常解密",,1,功能测试,功能测试阶段
/安全管理员/数据管理/任务管理/解密任务(#229),查看解密失败的任务详情，能正常查看失败原因,,"1. 找到解密失败的那条任务
1. 点击详情，查看原因","1. 
2. 正常查看",,1,功能测试,功能测试阶段
/安全管理员/数据管理/任务管理/解密任务(#229),带有定时解密任务在规定时间内是否自动执行，操作正常,,"1. 在解密配置中选择一条用户进行自动解密选择时间
2. 在解密任务中执行解密
3. 点击详情，查看执行是否正常","1. 
2. 
3. 操作正常",,1,功能测试,功能测试阶段
/安全管理员/数据管理/任务管理/解密任务(#229),多条自动执行定时的解密任务并发稳定性，正常稳定,,"1. 在解密配置中选择多条用户进行自动解密选择时间
2. 在解密任务中执行解密
3. 查看执行时的并发稳定性","1. 
2. 
3. 正常稳定",,1,功能测试,功能测试阶段
/安全管理员/数据管理/任务管理/索引任务(#230),选择一条未执行的任务点击执行创建索引，能正常创建索引,,"1. 在索引任务中选择一条待执行的任务
2. 执行创建索引","1. 
2. 正常创建",,1,功能测试,功能测试阶段
/安全管理员/数据管理/任务管理/索引任务(#230),选择多条未执行的任务点击执行创建索引，能正常创建索引,,"1. 在索引任务中选择多条待执行的任务
2. 执行创建索引","1. 
2. 正常创建",,1,功能测试,功能测试阶段
/安全管理员/数据管理/任务管理/索引任务(#230),选择任务，查看详情，能正常查看,,"1. 在索引任务中选择一条任务
2. 点击详情，查看","1. 
2. 正常查看",,1,功能测试,功能测试阶段
/安全管理员/数据管理/任务管理/索引任务(#230),筛选数据源，查看对应的详情，能正常筛选查看,,"1. 点击选择数据源
2. 点击筛选出任务的详情，查看","1. 
2. 能正常查看详情",,1,功能测试,功能测试阶段
/安全管理员/数据管理/任务管理/索引任务(#230),点击报错任务查看详情，能正常查看,,"1. 在索引任务中找到报错的任务
2. 点击详情，查看","1. 
2. 能正常查看详情",,1,功能测试,功能测试阶段
/安全管理员/数据管理/任务管理/索引任务(#230),"带有定时任务的索引在规定时间内后台自动执行、也可手动去执
行，操作正常",,"1. 带有定时任务的索引可以自动执行
2. 把带有定时的索引手动执行","1. 
2. 操作正常",,1,功能测试,功能测试阶段
/安全管理员/数据管理/任务管理/索引任务(#230),多条自动定时任务执行稳定性，执行完成,,"1. 在索引任务中选择多条代执行的定时任务
2. 执行索引创建","1. 
2. 执行成功",,1,功能测试,功能测试阶段
/安全管理员/数据管理/任务管理/索引任务(#230),创建多数据索引查看数据结果，数据结果一致,,"1. 在索引配置中勾选多条数据，点击保存
2. 在索引任务中点击执行
3. 去数据库中查看数据","1. 
2. 
3. 数据一致",,1,功能测试,功能测试阶段
/安全管理员/数据管理/任务管理/索引任务(#230),like %~% 查询正确性,,"1. 在索引配置中勾选一条数据，点击保存
2. 在索引任务中点击执行
3. 对该数据进行模糊查询","1. 
2. 
3. 数据一致",,1,功能测试,功能测试阶段
/安全管理员/数据管理/任务管理/索引任务(#230),主索引数据清除，正常清除,,"1. 在索引配置中勾选一条数据，点击保存
2. 在索引任务中点击执行
3. 用xshell进行查询","1. 
2. 
3. 正常清除",,1,功能测试,功能测试阶段
/安全管理员/数据管理/任务管理/索引任务(#230),备索引数据清除，正常清除,,"1. 在索引配置中勾选一条数据，点击保存
2. 在索引任务中点击执行
3. 用xshell进行查询","1. 
2. 
3. 正常清除",,1,功能测试,功能测试阶段
/安全管理员/数据管理/任务管理/索引任务(#230),索引数据清除时间，查看清除的速度,,"1. 在索引配置中勾选数据，点击保存
2. 索引任务执行创建
3. 然后在索引配置中删除索引
4. 在索引任务中查看清除时间和速度","1.
2. 
3. 
4. 正常显示",,1,功能测试,功能测试阶段
/安全管理员/数据管理/任务管理/索引任务(#230),创建索引后，删除索引，快速继续创建该索引（主备没同步完时进行）,,"1. 在索引配置中勾选数据，点击保存
2. 索引任务执行创建
3. 然后在索引配置中删除索引
4. 重复执行以上步骤
5. 在xshell中查看是否同步","1. 
2. 
3. 
4. 
5. 正常创建删除",,1,功能测试,功能测试阶段
/安全管理员/数据管理/任务管理/更新任务(#231),选择一条未执行的任务点击更新密钥，正常更新密钥,,"1. 在更新任务中选择一条为执行的任务
2. 点击更新","1. 
2. 正常更新密钥",,1,功能测试,功能测试阶段
/安全管理员/数据管理/任务管理/更新任务(#231),选择多条未执行的任务点击更新密钥，能正常更新密钥,,"1. 在更新任务中选择多条为执行的任务
2. 点击更新","1. 
2. 正常更新密钥",,1,功能测试,功能测试阶段
/安全管理员/数据管理/任务管理/更新任务(#231),选择任务，查看详情，能正常查看,,"1. 在更新任务中随意选择一条数据
2. 点击详情，查看","1. 
2. 正常查看",,1,功能测试,功能测试阶段
/安全管理员/数据管理/任务管理/更新任务(#231),筛选数据源，查看对应的详情，能正常筛选查看,,"1. 点击选择数据源
2. 点击筛选出任务的详情，查看","1. 
2. 正常筛选查看",,1,功能测试,功能测试阶段
/安全管理员/数据管理/任务管理/更新任务(#231),点击报错任务查看详情，能正常查看,,"1. 在索引任务中找到报错的任务
2. 点击详情，查看","1. 
2. 能正常查看",,1,功能测试,功能测试阶段
/安全管理员/数据管理/任务管理/更新任务(#231),定时任务按选择规定的时间后台自动进行更新，操作正常,,"1. 在策略配置-密钥更新中勾选数据，点击保存
2. 点击自动
3. 在任务管理-更新任务中执行","1. 弹出手动或自动的弹框
2. 选择时期和时间
3. 操作成功",,1,功能测试,功能测试阶段
/安全管理员/用户管理(#220),查看用户信息，用户信息显示正确,,"1. 点击用户管理
2. 查看用户信息","1. 
2. 正确显示",,1,功能测试,功能测试阶段
/安全管理员/用户管理(#220),查看安全操作员，安全操作员可以取消授权,,"1. 点击用户管理
2. 安全管理员可以取消授权","1. 
2. 安全操作员可以取消授权",,1,功能测试,功能测试阶段
/安全管理员/用户管理(#220),"设置用户登录失败最大次数20次，用户登录失败次数，超过设置
的20次后，用户锁定",,"1. 在用户管理中点击安全管理
2. 设置用户登陆失败次数为20
3. 保存配置","1. 
2. 
3. 用户登陆失败次数超过20次，用户锁定",,1,功能测试,功能测试阶段
/安全管理员/用户管理(#220),设置用户锁定时间1分钟，用户锁定1分钟后，能再次登录,,"1. 在用户管理中点击安全管理
2. 设置用户锁定时间为一分钟
3. 保存配置","1. 
2. 
3. 用户1分钟后，可以再次登录",,1,功能测试,功能测试阶段
/安全管理员/用户管理(#220),设置用户登录超时时间3分钟，用户登录后，3分钟空闲，登录超时,,"1. 在用户管理中点击安全管理
2. 设置用户登陆超时时间为3分钟
3. 保存配置","1. 
2. 
3. 用户登录后，空闲超过3分钟，提示登陆超时",,1,功能测试,功能测试阶段
/审计管理员/数据统计(#232),点击数据库，查看CPU,,"1. 点击数据库
2. 输入命令cat /proc/cpuinfo
3. 输出数据与enc页面一直","1. 
2. 
3. 数据一致",,1,功能测试,功能测试阶段
/审计管理员/数据统计(#232),点击数据库，查看内存,,"1. 点击数据库
2. 输入命令grep /proc/meminfo
4. 输出数据与enc页面一直","1. 
2. 
3. 数据一致",,1,功能测试,功能测试阶段
/审计管理员/数据统计(#232),点击数据库，查看硬盘,,"1. 点击数据库
2. 输入命令fdisk -l
5. 输出数据与enc页面一直","1. 
2. 
3. 数据一致",,1,功能测试,功能测试阶段
/审计管理员/数据统计(#232),点击查看服务器信息,,"1. 点击数据统计-服务器信息
2. 查看服务器信息","1. 
2. 正确显示",,1,功能测试,功能测试阶段
/审计管理员/日志管理/操作日志(#235),系统管理员在用户管理模块点击新增用户，登录审计管理员，点击日志管理-操作日志，新增一条用户管理模块日志,,"1. 登录系统管理员
2. 点击用户管理
3. 新增用户
4. 登录审计管理员
5. 点击日志管理中操作日志模块","1. 登录成功
2. 
3. 弹出新增用户弹框
4. 登录成功
5. 操作日志中新增一条用户管理模块日志信息",,3,功能测试,功能测试阶段
/审计管理员/日志管理/操作日志(#235),系统管理员在系统配置-系统升级-索引升级中点击上传升级文件，登录审计管理员，点击日志管理-操作日志，新增一条索引系统升级.上传升级文件模块日志,,"1. 登录系统管理员
2. 点击系统配置-系统升级-索引升级
3. 点击上传升级文件
4. 登录审计管理员
5. 点击日志管理中操作日志模块","1. 登录成功
2. 
3. 上传成功
4. 登录成功
5. 操作日志中新增一条索引系统升级.上传升级文件模块日志信息",,3,功能测试,功能测试阶段
/审计管理员/日志管理/操作日志(#235),系统管理员在系统配置-服务器配置-索引服务器配置中点击修改数据，点击保存，登录审计管理员，点击日志管理-操作日志，新增一条修改索引服务器配置模块日志,,"1. 登录系统管理员
2. 点击系统配置-服务器配置-索引服务器配置
3. 点击修改心跳间隔
4. 点击保存
5. 登录审计管理员
6. 点击日志管理中操作日志模块","1. 登录成功
2. 
3. 
4. 操作成功
5. 登录成功
6. 操作日志中新增一条修改索引服务器配置模块日志信息",,3,功能测试,功能测试阶段
/审计管理员/日志管理/操作日志(#235),系统管理员在系统配置-服务器配置-管理服务器配置中点击修改数据，点击保存，登录审计管理员，点击日志管理-操作日志，新增一条修改管理服务器配置模块日志,,"1. 登录系统管理员
2. 点击系统配置-服务器配置-管理服务器配置
3. 点击修改心跳间隔
4. 点击保存
5. 登录审计管理员
6. 点击日志管理中操作日志模块","1. 登录成功
2. 
3. 
4. 操作成功
5. 登录成功
6. 操作日志中新增一条修改管理服务器配置模块日志信息",,3,功能测试,功能测试阶段
/审计管理员/日志管理/操作日志(#235),系统管理员在系统配置-系统升级-索引升级中点击上传升级文件点击升级，登录审计管理员，点击日志管理-操作日志，新增一条执行索引系统升级模块日志,,"1. 登录系统管理员
2. 点击系统配置-系统升级-索引升级
3. 点击升级
4. 登录审计管理员
5. 点击日志管理中操作日志模块","1. 登录成功
2. 
3. 操作成功
4. 登录成功
5. 操作日志中新增一条执行索引系统升级模块日志信息",,3,功能测试,功能测试阶段
/审计管理员/日志管理/操作日志(#235),系统管理员在系统配置-授权认证中点击生成签名请求并导出，登录审计管理员，点击日志管理-操作日志，新增一条创建用户的签名请求模块日志,,"1. 登录系统管理员
2. 点击系统配置-授权认证
3. 点击生成签名请求并导出
4. 登录审计管理员
5. 点击日志管理中操作日志模块","1. 登录成功
2. 
3. 操作成功
4. 登录成功
5. 操作日志中新增一条创建用户的签名请求模块日志信息",,3,功能测试,功能测试阶段
/审计管理员/日志管理/操作日志(#235),系统管理员在用户管理-已有的用户中点击编辑按钮输入密码和确认密码，点击确定，登录审计管理员，点击日志管理-操作日志，新增一条修改用户信息模块日志,,"1. 登录系统管理员
2. 点击用户管理-已有用户
3. 点击编辑按钮
4. 输入密码和确认密码
5. 点击确认
6. 登录审计管理员
7. 点击日志管理中操作日志模块","1. 登录成功
2. 
3. 弹出编辑用户弹框
4. 
5. 操作成功
6. 登录成功
7. 操作日志中新增一条修改用户信息模块日志信息",,3,功能测试,功能测试阶段
/审计管理员/日志管理/操作日志(#235),系统管理员在系统配置-邮件告警中点击新增告警模板，点击确定，登录审计管理员，点击日志管理-操作日志，新增邮件配置和新增邮件配置模块日志,,"1. 登录系统管理员
2. 点击系统配置-邮件告警
3. 点击新增告警模板按钮
4. 输入模板名称、邮箱服务器地址、发送邮箱账号、发送邮箱密码、接收邮箱
5. 点击确认
6. 登录审计管理员
7. 点击日志管理中操作日志模块","1. 登录成功
2. 
3. 弹出新增邮件告警模板弹框
4. 
5. 操作成功
6. 登录成功
7. 操作日志中新增邮件配置和新增邮件配置模块日志信息",,3,功能测试,功能测试阶段
/审计管理员/日志管理/操作日志(#235),安全管理员在数据管理-数据源中点击新增数据源输入数据，点击确定，登录审计管理员，点击日志管理-操作日志，新增一条数据源模块日志,,"1. 登录安全管理员
2. 点击数据管理-数据源
3. 点击新增数据源按钮
4. 输入名称、数据库IP、端口、服务名、用户名、密码
5. 点击确认
6. 登录审计管理员
7. 点击日志管理中操作日志模块","1. 登录成功
2. 
3. 弹出新增数据源弹框
4. 
5. 操作成功
6. 登录成功
7. 操作日志中新增一条数据源模块日志信息",,3,功能测试,功能测试阶段
/审计管理员/日志管理/操作日志(#235),安全管理员在数据管理-数据源中点击用户配置勾选用户列表中的用户传到已配置用户列表中，点击保存，登录审计管理员，点击日志管理-操作日志，新增获取数据源中用户列表和更新被解密用户列表模块日志,有一条用户,"1. 登录安全管理员
2. 点击数据管理-数据源
3. 点击用户配置按钮
4. 勾选用户列表中的用户传到已配置用户列表中
5. 点击保存
6. 登录审计管理员
7. 点击日志管理中操作日志模块","1. 登录成功
2. 
3. 弹出加密用户配置弹框
4.
5. 操作成功
6. 登录成功
7. 操作日志中新增获取数据源中用户列表和更新被解密用户列表模块日志信息",,3,功能测试,功能测试阶段
/审计管理员/日志管理/操作日志(#235),安全管理员在数据管理-数据源中点击用户配置，点击取消，登录审计管理员，点击日志管理-操作日志，新增一条获取数据源中用户列表模块日志,,"1. 登录安全管理员
2. 点击数据管理-数据源
3. 点击用户配置按钮
4. 点击取消
5. 登录审计管理员
6. 点击日志管理中操作日志模块","1. 登录成功
2. 
3. 弹出加密用户配置弹框
4. 返回界面
5. 登录成功
6. 操作日志中新增一条获取数据源中用户列表模块日志信息",,3,功能测试,功能测试阶段
/审计管理员/日志管理/操作日志(#235),安全管理员在数据管理-策略配置-加密配置中选择用户点击初始化，登录审计管理员，点击日志管理-操作日志，新增一条获取数据源中用户列表模块日志,,"1. 登录安全管理员
2. 点击数据管理-策略配置-加密配置
3. 点击选择用户
4. 点击初始化
5. 登录审计管理员
6. 点击日志管理中操作日志模块","1. 登录成功
2. 
3. 弹出加密用户下拉框
4. 操作成功
5. 登录成功
6. 操作日志中新增一条初始化加密用户环境模块日志信息",,3,功能测试,功能测试阶段
/审计管理员/日志管理/操作日志(#235),安全管理员在数据管理-策略配置-加密配置中勾选数据点击保存，选择手动，登录审计管理员，点击日志管理-操作日志，新增一条配置加密策略模块日志,,"1. 登录安全管理员
2. 点击数据管理-策略配置-加密配置
3. 勾选数据
4. 点击保存
5. 点击手动
6. 登录审计管理员
7. 点击日志管理中操作日志模块","1. 登录成功
2. 
3. 
4. 弹出手动或自动执行的弹框
5. 操作成功
6. 登录成功
7. 操作日志中新增一条配置加密策略模块日志信息",,3,功能测试,功能测试阶段
/审计管理员/日志管理/操作日志(#235),安全管理员在数据管理-任务管理-加密任务中勾选数据点击执行加密，登录审计管理员，点击日志管理-操作日志，新增配置校验和启动加密任务模块日志,,"1. 登录安全管理员
2. 点击数据管理-任务管理-加密任务
3. 勾选数据
4. 点击执行加密
5. 登录审计管理员
6. 点击日志管理中操作日志模块","1. 登录成功
2. 
3. 
4. 操作成功
5. 登录成功
6. 操作日志中新增配置校验和启动加密任务模块日志信息",,3,功能测试,功能测试阶段
/审计管理员/日志管理/操作日志(#235),安全管理员在数据管理-策略配置-密钥更新中勾选数据点击保存，选择手动，登录审计管理员，点击日志管理-操作日志，新增一条配置更新与销毁策略模块日志,,"1. 登录安全管理员
2. 点击数据管理-策略配置-密钥更新
3. 勾选数据
4. 点击保存
5. 点击手动
6. 登录审计管理员
7. 点击日志管理中操作日志模块","1. 登录成功
2. 
3. 
4. 弹出手动或自动执行的弹框
5. 操作成功
6. 登录成功
7. 操作日志中新增一条配置更新与销毁策略模块日志信息",,3,功能测试,功能测试阶段
/审计管理员/日志管理/操作日志(#235),安全管理员在数据管理-策略配置-索引配置中点击创建索引，选择手动，登录审计管理员，点击日志管理-操作日志，新增一条配置创建索引策略模块日志,,"1. 登录安全管理员
2. 点击数据管理-策略配置-索引配置
3. 点击创建索引
4. 点击手动
5. 登录审计管理员
6. 点击日志管理中操作日志模块","1. 登录成功
2. 
3. 弹出手动或自动执行的弹框
4. 操作成功
5. 登录成功
6. 操作日志中新增一条配置创建索引策略模块日志信息",,3,功能测试,功能测试阶段
/审计管理员/日志管理/操作日志(#235),安全管理员在数据管理-任务管理-索引任务中点击执行，登录审计管理员，点击日志管理-操作日志，新增一条启动创建索引任务模块日志,,"1. 登录安全管理员
2. 点击数据管理-任务管理-索引任务
3. 点击执行
4. 登录审计管理员
5. 点击日志管理中操作日志模块","1. 登录成功
2. 
3. 操作成功
4. 登录成功
5. 操作日志中新增一条启动创建索引任务模块日志信息",,3,功能测试,功能测试阶段
/审计管理员/日志管理/操作日志(#235),安全管理员在数据管理-任务管理-更新任务中点击执行，登录审计管理员，点击日志管理-操作日志，新增一条启动更新任务模块日志,,"1. 登录安全管理员
2. 点击数据管理-任务管理-更新任务
3. 点击执行
4. 登录审计管理员
5. 点击日志管理中操作日志模块","1. 登录成功
2. 
3. 操作成功
4. 登录成功
5. 操作日志中新增一条启动更新任务模块日志信息",,3,功能测试,功能测试阶段
/审计管理员/日志管理/操作日志(#235),安全管理员在数据管理-策略配置-解密配置中勾选数据点击保存，选择手动，登录审计管理员，点击日志管理-操作日志，新增一条配置解密策略模块日志,,"1. 登录安全管理员
2. 点击数据管理-策略配置-解密配置
3. 勾选数据
4. 点击保存
5. 点击手动
6. 登录审计管理员
7. 点击日志管理中操作日志模块","1. 登录成功
2. 
3. 
4. 弹出手动或自动执行的弹框
5. 操作成功
6. 登录成功
7. 操作日志中新增一条配置解密策略模块日志信息",,3,功能测试,功能测试阶段
/审计管理员/日志管理/操作日志(#235),安全管理员在数据管理-任务管理-解密任务中勾选数据点击执行加密，登录审计管理员，点击日志管理-操作日志，新增一条和启动解密任务模块日志,,"1. 登录安全管理员
2. 点击数据管理-任务管理-解密任务
3. 勾选数据
4. 点击执行解密
5. 登录审计管理员
6. 点击日志管理中操作日志模块","1. 登录成功
2. 
3. 
4. 操作成功
5. 登录成功
6. 操作日志中新增一条启动解密任务模块日志信息",,3,功能测试,功能测试阶段
/审计管理员/日志管理/操作日志(#235),安全管理员在数据管理-策略配置-加密配置点击表名一列的旋转符号，登录审计管理员，点击日志管理-操作日志，新增一条同步用户表列表模块日志,,"1. 登录安全管理员
2. 点击数据管理-策略配置-解密配置-表名
3. 点击旋转符号
4. 登录审计管理员
5. 点击日志管理中操作日志模块","1. 登录成功
2. 
3. 操作成功
4. 登录成功
5. 操作日志中新增一条同步用户表列表模块日志信息",,3,功能测试,功能测试阶段
/审计管理员/日志管理/操作日志(#235),安全管理员在用户管理-安全配置，输入数据点击保存配置，登录审计管理员，点击日志管理-操作日志，新增一条安全设置模块日志,,"1. 登录安全管理员
2. 点击用户管理-安全配置
3. 输入数据
4. 点击保存配置
5. 登录审计管理员
6. 点击日志管理中操作日志模块","1. 登录成功
2. 
3. 
4. 操作成功
5. 登录成功
6. 操作日志中新增一条安全设置模块日志信息",,3,功能测试,功能测试阶段
/审计管理员/日志管理/操作日志(#235),安全管理员在数据管理-数据源点击修改按钮输入原始密码和新密码，点击保存 ，登录审计管理员，点击日志管理-操作日志，新增一条修改数据源模块日志,已有数据源,"1. 登录安全管理员
2. 点击数据管理-数据源
3. 点击修改按钮
4. 输入原始密码和新密码
5. 点击保存
6. 登录审计管理员
7. 点击日志管理中操作日志模块","1. 登录成功
2. 
3. 弹出更新数据源用户密码弹框
4. 
5. 操作成功
6. 登录成功
7. 操作日志中新增一条修改数据源模块日志信息",,3,功能测试,功能测试阶段
/审计管理员/日志管理/操作日志(#235),安全管理员在数据管理-数据源点击删除按钮，点击确定，登录审计管理员，点击日志管理-操作日志，新增一条修改数据源模块日志,加密的数据全部已经解密,"1. 登录安全管理员
2. 点击数据管理-数据源
3. 点击删除按钮
4. 点击确定
5. 登录审计管理员
6. 点击日志管理中操作日志模块","1. 登录成功
2. 
3. 弹出取消和确定按钮的弹框
4. 操作成功
5. 登录成功
6. 操作日志中新增一条删除数据源模块日志信息",,3,功能测试,功能测试阶段
/审计管理员/日志管理/操作日志(#235),安全管理员在数据管理-策略配置-解密配置中点击还原解密配置，登录审计管理员，点击日志管理-操作日志，新增一条取消配置解密策略模块日志,保存过的解密数据,"1. 登录安全管理员
2. 点击数据管理-策略配置-解密配置
3. 点击还原解密配置按钮
4. 登录审计管理员
5. 点击日志管理中操作日志模块","1. 登录成功
2. 
3. 操作成功
4. 登录成功
5. 操作日志中新增一条删除数据源模块日志信息",,3,功能测试,功能测试阶段
/审计管理员/日志管理/登录日志(#236),登录安全管理员，登录审计管理员，点击日志管理-登录日志，新增一条登录成功模块日志信息,,"1. 输入用户名或密码
2. 输入验证码
3. 点击登录
4. 登录审计管理员
5. 点击日志管理-登录日志","1. 
2. 
3. 登录成功
4. 登录成功
5. 新增一条登录成功模块日志信息",,3,功能测试,功能测试阶段
/审计管理员/日志管理/登录日志(#236),登录安全管理员输入错误密码，登录审计管理员，点击日志管理-登录日志，新增一条密码输入错误1次模块日志信息,,"1. 输入用户名
2. 输入错误密码
3. 输入验证码
4. 点击登录
5. 登录审计管理员
6. 点击日志管理-登录日志","1. 
2. 
3. 
4. 提示密码错误
5. 登录成功
6. 新增一条密码输入错误1次模块日志信息",,3,功能测试,功能测试阶段
/审计管理员/日志管理/登录日志(#236),登录安全管理员再次输入错误密码，登录审计管理员，点击日志管理-登录日志，新增一条密码输入错误2次模块日志信息,,"1. 输入用户名
2. 再次输入错误密码
3. 输入验证码
4. 点击登录
5. 登录审计管理员
7. 点击日志管理-登录日志","1. 
2. 
3. 
4. 提示密码错误
5. 登录成功
6. 新增一条密码输入错误2次模块日志信息",,3,功能测试,功能测试阶段
/审计管理员/日志管理/登录日志(#236),登录安全管理员输入不存在用户名，登录审计管理员，点击日志管理-登录日志，新增一条用户不存在/密码错误模块日志信息,,"1. 输入不存在的用户名
2. 输入密码
3. 输入验证码
4. 点击登录
5. 登录审计管理员
8. 点击日志管理-登录日志","1. 
2. 
3. 
4. 提示用户名或密码错误
5. 登录成功
6. 新增一条用户不存在/密码错误模块日志信息",,3,功能测试,功能测试阶段
/审计管理员/日志管理/告警日志(#237),在xshell关闭索引的主机，审计管理员-日志管理-告警日志中新增索引服务器发生了主备切换，请检查主机运行状态告警日志信息,,"1. 在xshell上输入命令：systemctl stop index
systemctl status index停止主机运行
2. 登录审计管理员
3. 点击日志管理中告警日志","1. 
2. 登录成功
3. 告警日志中新增索引服务器发生了主备切换，请检查主机运行状态日志信息",,3,功能测试,功能测试阶段
/审计管理员/日志管理/告警日志(#237),在系统管理员-系统配置-告警日志配置上设置磁盘告警值，超过之后，审计管理员-日志管理-告警日志中新增磁盘告警日志信息,,"1. 登录系统管理员
2. 点击系统配置-告警日志配置
3. 点击磁盘-操作
4. 设置告警值，点击保存
5. 登录审计管理员
6. 点击日志管理中告警日志模块","1. 登录成功
2. 
3. 弹出c磁盘告警设置弹框
4. 操作成功
5. 登录成功
6. 告警日志中新增磁盘空间达到预警值日志信息",,3,功能测试,功能测试阶段
/审计管理员/日志管理/告警日志(#237),在系统管理员-系统配置-告警日志配置上设置内存告警值，超过之后，审计管理员-日志管理-告警日志中新增内存告警日志信息,,"1. 登录系统管理员
2. 点击系统配置-告警日志配置
3. 点击内存-操作
4. 设置告警值，点击保存
5. 登录审计管理员
6. 点击日志管理中告警日志模块","1. 登录成功
2. 
3. 弹出内存告警设置弹框
4. 操作成功
5. 登录成功
6. 告警日志中新增内存利用率达到预警值日志信息",,3,功能测试,功能测试阶段
/审计管理员/日志管理/告警日志(#237),在系统管理员-系统配置-告警日志配置上设置cpu告警值，超过之后，审计管理员-日志管理-告警日志中新增cpu告警日志信息,,"1. 登录系统管理员
2. 点击系统配置-告警日志配置
3. 点击cpu-操作
4. 设置告警值，点击保存
5. 登录审计管理员
6. 点击日志管理中告警日志模块","1. 登录成功
2. 
3. 弹出cpu告警设置弹框
4. 操作成功
5. 登录成功
6. 告警日志中新增CPU使用率达到预警值日志信息",,3,功能测试,功能测试阶段
/审计管理员/用户管理(#234),用户列表只能给审计管理员授权,,"1. 查看用户列表
2. 点击操作下面的小人",1. 能且只能给审计操作员授权,,3,功能测试,功能测试阶段
/非功能/稳定性(#311),创建10万数据表，反复进行创建索引，删除索引，索引数据正常,,1. 创建10万数据表，反复进行创建索引，删除索引,1. 索引数据正常,,2,性能测试,系统测试阶段
/非功能/稳定性(#311),创建10万数据表，反复进行创建索引，更新索引，索引创建正常,,1. 创建10万数据表，反复进行创建索引，更新索引,1. 索引创建正常,,2,性能测试,系统测试阶段
/非功能/稳定性(#311),创建50万数据表，反复进行创建索引，删除索引，索引数据正常,,1. 创建50万数据表，反复进行创建索引，删除索引,1. 索引数据正常,,2,性能测试,系统测试阶段
/非功能/稳定性(#311),创建50万数据表，反复进行创建索引，更新索引，索引创建正常,,1. 创建50万数据表，反复进行创建索引，更新索引,1. 索引创建正常,,2,性能测试,系统测试阶段
/非功能/稳定性(#311),创建100万数据表，反复进行创建索引，删除索引，索引数据正常,,1. 创建100万数据表，反复进行创建索引，删除索引,1. 索引数据正常,,2,性能测试,系统测试阶段
/非功能/稳定性(#311),创建100万数据表，反复进行创建索引，更新索引，索引创建正常,,1. 创建100万数据表，反复进行创建索引，更新索引,1. 索引创建正常,,2,性能测试,系统测试阶段
/非功能/稳定性(#311),创建200万数据表，反复进行创建索引，删除索引，索引数据正常,,1. 创建200万数据表，反复进行创建索引，删除索引,1. 索引数据正常,,2,性能测试,系统测试阶段
/非功能/稳定性(#311),创建200万数据表，反复进行创建索引，更新索引，索引创建正常,,1 .创建200万数据表，反复进行创建索引，更新索引,1. 索引创建正常,,2,性能测试,系统测试阶段
/非功能/稳定性(#311),"创建200万以上数据表，反复进行创建索引，删除索引，索引数
据正常",,1. 创建200万以上数据表，反复进行创建索引，删除索引,1. 索引数据正常,,2,性能测试,系统测试阶段
/非功能/稳定性(#311),"创建200万以上数据表，反复进行创建索引，更新索引，索引创
建正常",,1. 创建200万以上数据表，反复进行创建索引，更新索引,1. 索引创建正常,,2,性能测试,系统测试阶段
/非功能/稳定性(#311),主机keepalived停止，虚拟IP切换到备机进行，数据正常进行同步,索引正确性查询以及切换到备机时也有数据改变；（切换到备机时也有数据改变）,1. 主机keepalived停止，虚拟IP切换到备机进行,1. 数据正常进行同步,,2,性能测试,系统测试阶段
/非功能/稳定性(#311),主机keepalived启动，备机关闭，虚拟IP自动切换到主机，数据正常进行同步,索引正确性查询以及切换到备机时也有数据改变；（切换到备机时也有数据改变）,"1. 主机keepalived启动，备机关闭，虚拟IP自动切换到
主机",1. 数据正常进行同步,,2,性能测试,系统测试阶段
/非功能/稳定性(#311),"主备机keepalived同时启动，主机创建索引成功后创建索引同
步位置点，备机开始同步，数据正常进行同步",索引正确性查询以及切换到备机时也有数据改变；（切换到备机时也有数据改变）,1. 主备机keepalived同时启动，主机创建索引成功后创建索引同步位置点，备机开始同步,1. 数据正常进行同步,,2,性能测试,系统测试阶段
/非功能/稳定性(#311),创建大批量数据索引，数据库中进行范围查询，范围正常,,1. 创建大批量数据索引，数据库中进行范围查询,1. 范围正常,,2,性能测试,系统测试阶段
/非功能/稳定性(#311),创建大批量数据索引，数据库中进行等值查询，值相等,,1. 创建大批量数据索引，数据库中进行等值查询,1. 值相等,,2,性能测试,系统测试阶段
/非功能/稳定性(#311),"加密100万条数据后，进行等值查询，对比没加密的数据结果，
降低效率应该小于10%；",,1. 加密100万条数据后，进行等值查询,1. 加密100万条数据后，进行等值查询，对比没加密的数据结果，降低效率应该小于10%；,,2,性能测试,系统测试阶段
/非功能/稳定性(#311),"加密100万条数据后，进行范围查询，对比没加密的数据结果，
降低效率应该小于10%；",,1. 加密100万条数据后，进行范围查询,1. 加密100万条数据后，进行范围查询，对比没加密的数据结果，降低效率应该小于10%；,,2,性能测试,系统测试阶段
/非功能/稳定性(#311),多并发向表中插入数据，插入正常，数据正常,,1. 多并发向表中插入数据,1. 数据正常,,2,性能测试,系统测试阶段
/非功能/稳定性(#311),数据库中查询表中数据信息，正常显示，数据正常,,1. 数据库中查询表中数据信息,1. 数据正常,,2,性能测试,系统测试阶段
/非功能/稳定性(#311),"多次选择表中不同列选择不同加密类型，进行加密，正常加密，
数据正常",,1. 多次选择表中不同列选择不同加密类型，进行加密,1. 数据正常,,2,性能测试,系统测试阶段
/非功能/稳定性(#311),多次选择表中不同列，进行反复解密，正常解密，数据正常,,1. 多次选择表中不同列，进行反复解密,1. 数据正常,,2,性能测试,系统测试阶段
/非功能/稳定性(#311),3DES_2KEY密钥长度只限制在16位，正常加解密,,1. 3DES_2KEY密钥长度只限制在16位,1. 正常加解密,,2,性能测试,系统测试阶段
/非功能/稳定性(#311),3DES_3KEY密钥长度只限制24位，正常加解密,,1. 3DES_3KEY密钥长度只限制24位,1. 正常加解密,,2,性能测试,系统测试阶段
/非功能/稳定性(#311),"RAW,BLOB数据类型SM4加密最大字符长度限制到500字节，正常加
解密",,"1. RAW,BLOB数据类型SM4加密最大字符长度限制到500字节",1. 正常加解密,,2,性能测试,系统测试阶段
/非功能/稳定性(#311),LONG数据类型暂不支持加解密，不支持加密,,1. LONG数据类型暂不支持加解密,1. 不支持加密,,2,性能测试,系统测试阶段
/非功能/稳定性(#311),kms系统挂掉，enc中无法获取密钥，不影响其它程序运行,"(在挂掉的情况下 持续插入数据最少5分钟 插入修改数据量可以少，一
分钟2万条以下即可)",1. kms系统挂掉,1. 不影响其它程序运行,,2,性能测试,系统测试阶段
/非功能/稳定性(#311),enc系统挂掉，无法进行加解密创建删除索引任务，不影响不影响其它程序运行,"(在挂掉的情况下 持续插入数据最少5分钟 插入修改数据量可以少，一
分钟1万条以下即可)",1. enc系统挂掉,1. 不影响不影响其它程序运行,,2,性能测试,系统测试阶段
/非功能/稳定性(#311),index系统挂掉，enc中创建索引任务无法正常进行,"(在挂掉的情况下 持续插入数据最少5分钟 插入修改数据量可以少，一
分钟0万条以下即可)",1. index系统挂掉,1. enc中创建索引任务无法正常进行,,2,性能测试,系统测试阶段
/非功能/稳定性(#311),"在持续插入和修改数据时，kill主索引进程，查看文件和数据是否
同步，切换到备机数据正确",,1. 在持续插入和修改数据时，kill主索引进程，查看文件和数据是否同步,1. 在持续插入和修改数据时，kill主索引进程，查看文件和数据是否同步，切换到备机数据正确,,2,性能测试,系统测试阶段
/非功能/稳定性(#311),"在持续插入和修改数据时，重启主索引进程，查看文件和数据是否
同步，备机切换到主机数据正确",,1. 在持续插入和修改数据时，重启主索引进程，查看文件和数据是否同步,1. 在持续插入和修改数据时，重启主索引进程，查看文件和数据是否同步，备机切换到主机数据正确,,2,性能测试,系统测试阶段
/非功能/稳定性(#311),创建索引10万条数据，然后进行插入10万数据操作，数据结果一致,,1. 创建索引10万条数据，然后进行插入10万数据操作,1. 数据结果一致,,2,性能测试,系统测试阶段
/非功能/稳定性(#311),创建索引50万条数据，然后进行插入50万数据操作，数据结果一致,,1. 创建索引50万条数据，然后进行插入50万数据操作,1. 数据结果一致,,2,性能测试,系统测试阶段
/非功能/稳定性(#311),创建索引1000万条数据，然后进行插入1000万数据操作，数据结果一致,,1. 创建索引1000万条数据，然后进行插入1000万数据操作,1. 数据结果一致,,2,性能测试,系统测试阶段
/非功能/稳定性(#311),100万数据加密过程中，重启ENC服务，加密失败，该表无法再进行加密；(回滚过程中，结束ENC服务),,"1. 1、新建100万数据，进行多列数据加密；
2、进度4%后，重启ENC服务；
3、重新加密该表；",1. 能正常进行加密；,,2,性能测试,系统测试阶段
/非功能/稳定性(#311),10个100w数据表，单机状态定时任务同时执行加密，执行成功,,1. 10个100w数据表，单机状态定时任务同时执行加密,1. 执行成功,,2,性能测试,系统测试阶段
/非功能/稳定性(#311),10个100w数据表，双机状态定时任务同时执行加密，执行成功,,1. 10个100w数据表，双机状态定时任务同时执行加密,1. 执行成功,,2,性能测试,系统测试阶段
/非功能/稳定性(#311),10个表格，每个表格用不同的加密方式配置加密并执行，执行成功,,1. 10个表格，每个表格用不同的加密方式配置加密并执行,1. 执行成功,,2,性能测试,系统测试阶段
/非功能/稳定性(#311),同一个表格，每列用不同的加密方式配置加密并执行，执行成功,,1. 同一个表格，每列用不同的加密方式配置加密并执行,1. 执行成功,,2,性能测试,系统测试阶段
/非功能/稳定性(#311),enc后台配置双机后启动enc，服务器配置页面配置双机，配置成功,,1. enc后台配置双机后启动enc，服务器配置页面配置双机,1. 配置成功,,2,性能测试,系统测试阶段
/非功能/稳定性(#311),双机运行过程中主机关闭，验证备机是否可用，虚拟IP在备机上运行,,1. 双机运行过程中主机关闭，验证备机是否可用,1. 虚拟IP在备机上运行,,2,性能测试,系统测试阶段
/非功能/稳定性(#311),双机运行执行加密、更新、解密过程中主机关闭，验证是否可以执行成功，加密成功,,1. 双机运行执行加密、更新、解密过程中主机关闭，验证是否可以执行成功,1. 加密成功,,2,性能测试,系统测试阶段
/非功能/稳定性(#311),"双机运行执行加密、更新、解密，验证数据库主备同步，主备正常
同步",,1. 双机运行执行加密、更新、解密，验证数据库主备同步,1. 主备正常同步,,2,性能测试,系统测试阶段
/非功能/稳定性(#311),"双机运行执行加密、更新、解密，验证数据库主备同步删除，主备
同步删除",,"1. 双机运行执行加密、更新、解密，验证数据库主备同步
删除",1. 主备同步删除,,2,性能测试,系统测试阶段
/非功能/稳定性(#311),关闭备机，执行加密、更新、解密，完成后打开备机，验证数据库主备数据同步，主备正常同步,,1. 关闭备机，执行加密、更新、解密，完成后打开备机，验证数据库主备数据同步,1. 主备正常同步,,2,性能测试,系统测试阶段
/非功能/稳定性(#311),"双机运行，执行加密、更新、解密时，用SOL语句对数据类型不同的
各列进行查询，插入，更新及删除数据，可以正常查询，插入，更新及删除数据",,1. 双机运行，执行加密、更新、解密时，用SOL语句对数据类型不同的各列进行查询，插入，更新及删除数据,1. 可以正常查询，插入，更新及删除数据,,2,性能测试,系统测试阶段
/非功能/稳定性(#311),"单机运行，执行加密、更新、解密时，用SOL语句对数据类型不同的
各列进行查询，插入，更新及删除数据，可以正常查询，插入，更新及删除数据",,1. 单机运行，执行加密、更新、解密时，用SOL语句对数据类型不同的各列进行查询，插入，更新及删除数据,1. 可以正常查询，插入，更新及删除数据,,2,性能测试,系统测试阶段
/非功能/稳定性(#311),"双机运行，执行加密、更新、解密后，用SOL语句对数据类型不同的
各列进行查询，插入，更新及删除数据，可以正常查询，插入，更新及删除数据",,1. 双机运行，执行加密、更新、解密后，用SOL语句对数据类型不同的各列进行查询，插入，更新及删除数据,1. 可以正常查询，插入，更新及删除数据,,2,性能测试,系统测试阶段
/非功能/稳定性(#311),"单机运行，执行加密、更新、解密后，用SOL语句对数据类型不同的
各列进行查询，插入，更新及删除数据，可以正常查询，插入，更新及删除数据",,1. 单机运行，执行加密、更新、解密后，用SOL语句对数据类型不同的各列进行查询，插入，更新及删除数据,1. 可以正常查询，插入，更新及删除数据,,2,性能测试,系统测试阶段
/非功能/稳定性(#311),"双机运行，关闭主机，在备机上执行加密、更新、解密，启动主机，
验证数据库主备同步，主备正常同步",,1. 双机运行，关闭主机，在备机上执行加密、更新、解密，启动主机，验证数据库主备同步,1. 主备正常同步,,2,性能测试,系统测试阶段
/非功能/稳定性(#311),"创建150个定时自动执行的索引，验证是否可以同时执行，可以同时
进行",,1. 创建150个定时自动执行的索引，验证是否可以同时执行,1. 可以同时进行,,2,性能测试,系统测试阶段
/非功能/稳定性(#311),"关闭主机，在备机上执行加密后插入2000条数据，启动主机，验证数
据库是否正常同步，主备正常同步",,1. 关闭主机，在备机上执行加密后插入2000条数据，启动主机，验证数据库是否正常同步,1. 主备正常同步,,2,性能测试,系统测试阶段
/非功能/稳定性(#311),"关闭主机，在备机上执行加密后创建索引，启动主机，验证数据库是
否正常同步，主备正常同步",,1. 关闭主机，在备机上执行加密后创建索引，启动主机，验证数据库是否正常同步,1. 主备正常同步,,2,性能测试,系统测试阶段
/非功能/稳定性(#311),"关闭主机，在备机上执行加密后更新密钥，启动主机，验证数据库是
否正常同步，主备正常同步",,1. 关闭主机，在备机上执行加密后更新密钥，启动主机，验证数据库是否正常同步,1. 主备正常同步,,2,性能测试,系统测试阶段
/非功能/稳定性(#311),"对不同的数据类型进行加密、更新、解密，验证是否可以成功，执
行成功",,"1. 对不同的数据类型进行加密、更新、解密，验证是否可
以成功",1. 执行成功,,2,性能测试,系统测试阶段
/非功能/稳定性(#311),"在执行加密过程中，停掉kms服务，验证是否可以执行成功，单机情
况下执行失败，双击情况下执行成功",,"1. 在执行加密过程中，停掉kms服务，验证是否可以执行
成功",1. 单机情况下执行失败，双击情况下执行成功,,2,性能测试,系统测试阶段
/非功能/稳定性(#311),"在执行更新的过程中，停掉kms服务，验证是否可以执行成功，单机
情况下执行失败，双击情况下执行成功",,"1. 在执行更新的过程中，停掉kms服务，验证是否可以执
行成功",1. 单机情况下执行失败，双击情况下执行成功,,2,性能测试,系统测试阶段
/非功能/稳定性(#311),"在执行解密的过程中，停掉kms服务，验证是否可以执行成功，单机
情况下执行失败，双击情况下执行成功",,"1. 在执行解密的过程中，停掉kms服务，验证是否可以执
行成功",1. 单机情况下执行失败，双击情况下执行成功,,2,性能测试,系统测试阶段
/非功能/稳定性(#311),"在执行加密的过程中，停掉enc服务，验证是否可以执行成功，单机
情况下执行失败，双击情况下执行成功",,"1. 在执行加密的过程中，停掉enc服务，验证是否可以执
行成功",1. 单机情况下执行失败，双击情况下执行成功,,2,性能测试,系统测试阶段
/非功能/稳定性(#311),"在执行更新的过程中，停掉enc服务，验证是否可以执行成功，单机
情况下执行失败，双击情况下执行成功",,"1. 在执行更新的过程中，停掉enc服务，验证是否可以执
行成功",1. 单机情况下执行失败，双击情况下执行成功,,2,性能测试,系统测试阶段
/非功能/稳定性(#311),"在执行解密的过程中，停掉enc服务，验证是否可以执行成功，单机
情况下执行失败，双击情况下执行成功",,"1. 在执行解密的过程中，停掉enc服务，验证是否可以执
行成功",1. 单机情况下执行失败，双击情况下执行成功,,2,性能测试,系统测试阶段
/非功能/稳定性(#311),"在执行加密的过程中，停掉index服务，验证是否可以执行成功，单
机情况下执行失败，双击情况下执行成功",,"1. 在执行加密的过程中，停掉index服务，验证是否可以
执行成功",1. 单机情况下执行失败，双击情况下执行成功,,2,性能测试,系统测试阶段
/非功能/稳定性(#311),"在执行更新的过程中，停掉index服务，验证是否可以执行成功，单
机情况下执行失败，双击情况下执行成功",,"1. 在执行更新的过程中，停掉index服务，验证是否可以
执行成功",1. 单机情况下执行失败，双击情况下执行成功,,2,性能测试,系统测试阶段
/非功能/稳定性(#311),"在执行解密的过程中，停掉index服务，验证是否可以执行成功，单
机情况下执行失败，双击情况下执行成功",,"1. 在执行解密的过程中，停掉index服务，验证是否可以
执行成功",1. 单机情况下执行失败，双击情况下执行成功,,2,性能测试,系统测试阶段
/非功能/稳定性(#311),"在执行加密的过程中，停掉Tomcat服务，验证是否可以执行成功，
单机情况下执行失败，双击情况下执行成功",,"1. 在执行加密的过程中，停掉Tomcat服务，验证是否可以
执行成功",1. 单机情况下执行失败，双击情况下执行成功,,2,性能测试,系统测试阶段
/非功能/稳定性(#311),"在执行更新的过程中，停掉Tomcat服务，验证是否可以执行成功，
单机情况下执行失败，双击情况下执行成功",,"1. 在执行更新的过程中，停掉Tomcat服务，验证是否可以
执行成功",1. 单机情况下执行失败，双击情况下执行成功,,2,性能测试,系统测试阶段
/非功能/稳定性(#311),"在执行解密的过程中，停掉Tomcat服务，验证是否可以执行成功，
单机情况下执行失败，双击情况下执行成功",,1. 在执行解密的过程中，停掉Tomcat服务，验证是否可以执行成功,1. 单机情况下执行失败，双击情况下执行成功,,2,性能测试,系统测试阶段
/非功能/稳定性(#311),"在执行加密的过程中，停掉MySQL服务，验证是否可以执行成功，单
机情况下执行失败，双击情况下执行成功",,"1. 在执行加密的过程中，停掉MySQL服务，验证是否可以
执行成功",1. 单机情况下执行失败，双击情况下执行成功,,2,性能测试,系统测试阶段
/非功能/稳定性(#311),"在执行更新的过程中，停掉MySQL服务，验证是否可以执行成功，单
机情况下执行失败，双击情况下执行成功",,"1. 在执行更新的过程中，停掉MySQL服务，验证是否可以
执行成功",1. 单机情况下执行失败，双击情况下执行成功,,2,性能测试,系统测试阶段
/非功能/稳定性(#311),"在执行解密的过程中，停掉MySQL服务，验证是否可以执行成功，单
机情况下执行失败，双击情况下执行成功",,"1. 在执行解密的过程中，停掉MySQL服务，验证是否可以
执行成功",1. 单机情况下执行失败，双击情况下执行成功,,2,性能测试,系统测试阶段
/非功能/稳定性(#311),"在执行加密的过程中，enc关机，验证是否可以执行成功，单机情况
下执行失败，双击情况下执行成功",,"1. 在执行加密的过程中，enc关机，验证是否可以执行成
功",1. 单机情况下执行失败，双击情况下执行成功,,2,性能测试,系统测试阶段
/非功能/稳定性(#311),"在执行更新的过程中，enc关机，验证是否可以执行成功，单机情况
下执行失败，双击情况下执行成功",,"1. 在执行更新的过程中，enc关机，验证是否可以执行成
功",1. 单机情况下执行失败，双击情况下执行成功,,2,性能测试,系统测试阶段
/非功能/稳定性(#311),"在执行解密的过程中，enc关机，验证是否可以执行成功，单机情况
下执行失败，双击情况下执行成功",,"1. 在执行解密的过程中，enc关机，验证是否可以执行成
功",1. 单机情况下执行失败，双击情况下执行成功,,2,性能测试,系统测试阶段
/非功能/稳定性(#311),"索引后台配置双机后启动索引，enc服务器配置页面配置双机，正常
配置",,"1. 索引后台配置双机后启动索引，enc服务器配置页面配
置双机",1. 正常配置,,2,性能测试,系统测试阶段
/非功能/稳定性(#311),双机运行过程中主机关闭，验证备机是否可用，虚拟IP在备机上运行,,1. 双机运行过程中主机关闭，验证备机是否可用,1. 虚拟IP在备机上运行,,2,性能测试,系统测试阶段
/非功能/稳定性(#311),"双机运行创建索引过程中主机关闭，验证是否可以创建成功，可以
正常创建",,"1. 双机运行创建索引过程中主机关闭，验证是否可以创
建成功",1. 可以正常创建,,2,性能测试,系统测试阶段
/非功能/稳定性(#311),双机运行创建索引，验证索引主备同步，主备正常同步,,1. 双机运行创建索引，验证索引主备同步,1. 主备正常同步,,2,性能测试,系统测试阶段
/非功能/稳定性(#311),双机运行删除索引，验证索引主备同步删除，主备同步删除,,1. 双机运行删除索引，验证索引主备同步删除,1. 主备同步删除,,2,性能测试,系统测试阶段
/非功能/稳定性(#311),"关闭备机，创建索引，完成后打开备机，验证索引主备数据同步，
主备正常同步",,"1. 关闭备机，创建索引，完成后打开备机，验证索引主备
数据同步",1. 主备正常同步,,2,性能测试,系统测试阶段
/非功能/稳定性(#311),"双机运行，创建索引后，用SQL语句对数据类型不同的各列进行查询
，插入，更新及删除数据，可以正常查询，插入，更新及删除数据",,1. 双机运行，创建索引后，用SQL语句对数据类型不同的各列进行查询，插入，更新及删除数据,1. 可以正常查询，插入，更新及删除数据,,2,性能测试,系统测试阶段
/非功能/稳定性(#311),"双机运行，创建索引后，验证创建成功的索引与系统中存在的索引数
量是否一致，不存在丢索引的情况",,1.双机运行，创建索引后，验证创建成功的索引与系统中存在的索引数量是否一致,1. 不存在丢索引的情况,,2,性能测试,系统测试阶段
/非功能/稳定性(#311),"单机运行，创建索引后，验证创建成功的索引与系统中存在的索引数
量是否一致，不存在丢索引的情况",,1. 单机运行，创建索引后，验证创建成功的索引与系统中存在的索引数量是否一致,1. 不存在丢索引的情况,,2,性能测试,系统测试阶段
/非功能/稳定性(#311),"双机运行，创建索引后，用SQL语句对数据类型不同的各列进行查询
，插入，更新及删除数据，可以正常查询，插入，更新及删除数据",,1. 双机运行，创建索引后，用SQL语句对数据类型不同的各列进行查询，插入，更新及删除数据,1. 可以正常查询，插入，更新及删除数据,,2,性能测试,系统测试阶段
/非功能/稳定性(#311),"单机运行，对大量数据创建索引，导致磁盘使用率达到100%，验证索
引是否宕机，不存在吐核、已杀死等行为",,1. 单机运行，对大量数据创建索引，导致磁盘使用率达到100%，验证索引是否宕机,1. 不存在吐核、已杀死等行为,,2,性能测试,系统测试阶段
/非功能/稳定性(#311),"双机运行，对大量数据创建索引，导致磁盘使用率达到100%，验证索
引主备是否宕机，不存在吐核、已杀死等行为",,1. 双机运行，对大量数据创建索引，导致磁盘使用率达到100%，验证索引主备是否宕机,1. 不存在吐核、已杀死等行为,,2,性能测试,系统测试阶段
/非功能/稳定性(#311),"双机运行，创建大量索引，超过150条，验证索引创建结果，创建
成功",,"1. 双机运行，创建大量索引，超过150条，验证索引创建
结果",1. 创建成功,,2,性能测试,系统测试阶段
/非功能/稳定性(#311),"单机运行，创建大量索引，超过150条，验证索引创建结果，创建
成功",,"1. 单机运行，创建大量索引，超过150条，验证索引创建
结果",1. 创建成功,,2,性能测试,系统测试阶段
/非功能/稳定性(#311),"双机运行，关闭主机，在备机上创建索引，启动主机，验证索引主备
数据同步，主备正常同步",,1. 双机运行，关闭主机，在备机上创建索引，启动主机，验证索引主备数据同步,1. 主备正常同步,,2,性能测试,系统测试阶段
/非功能/稳定性(#311),"创建140个自动执行的定时索引，验证是否可以同时执行，140个索
引同时执行，且执行成功",,1. 创建140个自动执行的定时索引，验证是否可以同时执行,1. 140个索引同时执行，且执行成功,,2,性能测试,系统测试阶段
/非功能/稳定性(#311),"创建151个自动执行的定时索引，验证是否可以同时执行，有一条
索引创建失败，报错：IO错误",,1. 创建151个自动执行的定时索引，验证是否可以同时执行,1. 有一条索引创建失败，报错：IO错误,,2,性能测试,系统测试阶段
/非功能/兼容性(#310),win10系统IE浏览器11版本可以正常使用,win10系统下,1. 使用IE11版本打开页面，操作系统,1. 可以正常登录，操作系统，显示正常,,2,安装部署,系统测试阶段
/非功能/兼容性(#310),win10系统IE浏览器10版本可以正常使用,win10系统下,1. 使用IE10版本打开页面，操作系统,1. 可以正常登录，操作系统，显示正常,,2,安装部署,系统测试阶段
/非功能/兼容性(#310),win10系统IE浏览器9版本可以正常使用,win10系统下,1. 使用IE9版本打开页面，操作系统,1. 可以正常登录，操作系统，显示正常,,2,安装部署,系统测试阶段
/非功能/兼容性(#310),win10系统IE浏览器8版本可以正常使用,win10系统下,1. 使用IE8版本打开页面，操作系统,1. 可以正常登录，操作系统，显示正常,,2,安装部署,系统测试阶段
/非功能/兼容性(#310),win10系统IE浏览器7版本可以正常使用,win10系统下,1. 使用IE7版本打开页面，操作系统,1. 可以正常登录，操作系统，显示正常,,2,安装部署,系统测试阶段
/非功能/兼容性(#310),win10系统IE浏览器5版本可以正常使用,win10系统下,1. 使用IE5版本打开页面，操作系统,1. 可以正常登录，操作系统，显示正常,,2,安装部署,系统测试阶段
/非功能/兼容性(#310),win10系统火狐浏览器52.9版本可以正常使用,win10系统下,1. 使用火狐浏览器52.9版本打开页面，操作系统,1. 可以正常登录，操作系统，显示正常,,2,安装部署,系统测试阶段
/非功能/兼容性(#310),win10系统火狐浏览器51版本可以正常使用,win10系统下,1. 使用火狐浏览器51版本打开页面，操作系统,1. 可以正常登录，操作系统，显示正常,,2,安装部署,系统测试阶段
/非功能/兼容性(#310),win10系统火狐浏览器53版本无法打开页面,win10系统下,1. 使用火狐浏览器53版本打开页面，操作系统,1. 无法打开页面,,2,安装部署,系统测试阶段
/非功能/兼容性(#310),win10系统Chrome浏览器41版本可以正常使用,win10系统下,1. 使用Chrome浏览器41版本打开页面，操作系统,1. 可以正常登录，操作系统，显示正常,,2,安装部署,系统测试阶段
/非功能/兼容性(#310),win10系统Chrome浏览器40版本可以正常使用,win10系统下,1. 使用Chrome浏览器40版本打开页面，操作系统,1. 可以正常登录，操作系统，显示正常,,2,安装部署,系统测试阶段
/非功能/兼容性(#310),win10系统Chrome浏览器42版本无法打开页面,win10系统下,1. 使用Chrome浏览器42版本打开页面，操作系统,1. 无法打开页面,,2,安装部署,系统测试阶段
/非功能/兼容性(#310),win7系统IE浏览器11版本可以正常使用,win7系统下,1. 使用IE11版本打开页面，操作系统,1. 可以正常登录，操作系统，显示正常,,2,安装部署,系统测试阶段
/非功能/兼容性(#310),win7系统IE浏览器10版本可以正常使用,win7系统下,1. 使用IE10版本打开页面，操作系统,1. 可以正常登录，操作系统，显示正常,,2,安装部署,系统测试阶段
/非功能/兼容性(#310),win7系统IE浏览器9版本可以正常使用,win7系统下,1. 使用IE9版本打开页面，操作系统,1. 可以正常登录，操作系统，显示正常,,2,安装部署,系统测试阶段
/非功能/兼容性(#310),win7系统IE浏览器8版本可以正常使用,win10系统下,1. 使用IE8版本打开页面，操作系统,1. 可以正常登录，操作系统，显示正常,,2,安装部署,系统测试阶段
/非功能/兼容性(#310),win7系统IE浏览器7版本可以正常使用,win10系统下,1. 使用IE7版本打开页面，操作系统,1. 可以正常登录，操作系统，显示正常,,2,安装部署,系统测试阶段
/非功能/兼容性(#310),win7系统IE浏览器5版本可以正常使用,win10系统下,1. 使用IE5版本打开页面，操作系统,1. 可以正常登录，操作系统，显示正常,,2,安装部署,系统测试阶段
/非功能/兼容性(#310),win7系统火狐浏览器52.9版本可以正常使用,win7系统下,1. 使用火狐浏览器52.9版本打开页面，操作系统,1. 可以正常登录，操作系统，显示正常,,2,安装部署,系统测试阶段
/非功能/兼容性(#310),win7系统火狐浏览器51版本可以正常使用,win7系统下,1. 使用火狐浏览器51版本打开页面，操作系统,1. 可以正常登录，操作系统，显示正常,,2,安装部署,系统测试阶段
/非功能/兼容性(#310),win7系统火狐浏览器53版本无法打开页面,win7系统下,1. 使用火狐浏览器53版本打开页面，操作系统,1. 无法打开页面,,2,安装部署,系统测试阶段
/非功能/兼容性(#310),win7系统Chrome浏览器41版本可以正常使用,win7系统下,1. 使用Chrome浏览器41版本打开页面，操作系统,1. 可以正常登录，操作系统，显示正常,,2,安装部署,系统测试阶段
/非功能/兼容性(#310),win7系统Chrome浏览器40版本可以正常使用,win7系统下,1. 使用Chrome浏览器40版本打开页面，操作系统,1. 可以正常登录，操作系统，显示正常,,2,安装部署,系统测试阶段
/非功能/兼容性(#310),win7系统Chrome浏览器42版本无法打开页面,win7系统下,1. 使用Chrome浏览器42版本打开页面，操作系统,1. 无法打开页面,,2,安装部署,系统测试阶段
/非功能/兼容性(#310),win7系统Safari浏览器可以正常使用,win7系统下,1. 使用Safari浏览器打开页面，操作系统,1. 可以正常登录，操作系统，显示正常,,2,安装部署,系统测试阶段
/非功能/兼容性(#310),win7系统360浏览器可以正常使用,win7系统下,1. 使用360浏览器打开页面，操作系统,1. 可以正常登录，操作系统，显示正常,,2,安装部署,系统测试阶段
/非功能/兼容性(#310),win7系统猎豹浏览器可以正常使用,win7系统下,1. 使用猎豹浏览器打开页面，操作系统,1. 可以正常登录，操作系统，显示正常,,2,安装部署,系统测试阶段
/非功能/兼容性(#310),win7系统百度浏览器无法打开页面,win7系统下,1. 使用百度浏览器打开页面，操作系统,1. 可以正常登录，操作系统，显示正常,,2,安装部署,系统测试阶段
/非功能/兼容性(#310),win7系统Opera浏览器可以正常使用,win7系统下,1. 使用Opera浏览器打开页面，操作系统,1. 可以正常登录，操作系统，显示正常,,2,安装部署,系统测试阶段
/非功能/兼容性(#310),win7系统edge浏览器可以正常使用,win7系统下,1. 使用edge浏览器打开页面，操作系统,1. 可以正常登录，操作系统，显示正常,,2,安装部署,系统测试阶段
/非功能/兼容性(#310),win10系统Safari浏览器可以正常使用,win10系统下,1. 使用Safari浏览器打开页面，操作系统,1. 无法打开页面,,2,安装部署,系统测试阶段
/非功能/兼容性(#310),win10系统360浏览器可以正常使用,win10系统下,1. 使用360浏览器打开页面，操作系统,1. 可以正常登录，操作系统，显示正常,,2,安装部署,系统测试阶段
/非功能/兼容性(#310),win10系统猎豹浏览器可以正常使用,win10系统下,1. 使用猎豹浏览器打开页面，操作系统,1. 可以正常登录，操作系统，显示正常,,2,安装部署,系统测试阶段
/非功能/兼容性(#310),win10系统百度浏览器无法打开页面,win10系统下,1. 使用百度浏览器打开页面，操作系统,1. 无法打开页面,,2,安装部署,系统测试阶段
/非功能/兼容性(#310),win10系统Opera浏览器可以正常使用,win10系统下,1. 使用Opera浏览器打开页面，操作系统,1. 可以正常登录，操作系统，显示正常,,2,安装部署,系统测试阶段
/非功能/兼容性(#310),win10系统edge浏览器可以正常使用,win10系统下,1. 使用edge浏览器打开页面，操作系统,1. 可以正常登录，操作系统，显示正常,,2,安装部署,系统测试阶段
/非功能/安全性(#312),HP System Management Homepage“RedirectUrl”参数 URL 重定向,,1. 通过将请求重定向到恶意站点，已修改的链接中的服务器名称与原始站点的服务器名称相同,1. 无法启动网络钓鱼诈骗以及窃取用户凭证,,2,安全相关,系统测试阶段
/非功能/安全性(#312),Dojo Toolkit URL 重定向,,1. 将请求重定向到恶意站点,1. 不能访问,,2,安全相关,系统测试阶段
/非功能/安全性(#312),Comm100 Forum Redirect.aspx URL 重定向,,1. 将以 localhost 开头的 URL 发送到“dest”参数时,1. 会将请求重定向到指定的 URL。,,2,安全相关,系统测试阶段
/非功能/安全性(#312),CubeCart index.php SQL 注入,,1. CubeCart index.php SQL 注入,1. CubeCart 不会适当清理传递给“searchStr”参数 (index.php) 的输入,,2,安全相关,系统测试阶段
/非功能/安全性(#312),Confixx Pro index.php SQL 注入,,1. Confixx Pro index.php SQL 注入,1. Confixx 不会适当清理传递给“SID”参数（index.php）的输入,,2,安全相关,系统测试阶段
/非功能/安全性(#312),Concrete5 SQL 注入,,1. Concrete5 SQL 注入,1. Concrete5 不会适当清理传递给“ccm_order_dir”参数的输入,,2,安全相关,系统测试阶段
/非功能/安全性(#312),ClipShare channel_detail.php SQL 注入,,1. ClipShare channel_detail.php SQL 注入,1. ClipShare channel_detail.php SQL 注入,,2,安全相关,系统测试阶段
/非功能/安全性(#312),ClipBucket 多重 SQL 注入,,1. ClipBucket 多重 SQL 注入,1. ClipBucket 没有对传递给“time”参数（videos.php 和 channels.php）的输入进行适当清理,,2,安全相关,系统测试阶段
/非功能/安全性(#312),aspProductCatalog 不会适当清理传递给“cid”参数（default.asp）的输入,,1. aspProductCatalog 不会适当清理传递给“cid”参数（default.asp）的输入,1. aspProductCatalog 不会适当清理传递给“cid”参数（default.asp）的输入,,2,安全相关,系统测试阶段
/非功能/安全性(#312),aspProductCatalog default.asp SQL 注入,,1. aspProductCatalog default.asp SQL 注入,1. aspProductCatalog 不会适当清理传递给“cid”参数（default.asp）的输入,,2,安全相关,系统测试阶段
/非功能/安全性(#312),AdMan viewStatement.php SQL 注入,,1. AdMan viewStatement.php SQL 注入,1. AdMan 不会适当清理传递给“transactions_offset”参数（viewStatement.php）的输入,,2,安全相关,系统测试阶段
/非功能/安全性(#312),AdMan editCampaign.php SQL 注入,,1. AdMan editCampaign.php SQL 注入,1. AdMan 不会适当清理传递给“campaignId”参数（editCampaign.php）的输入,,2,安全相关,系统测试阶段
/非功能/安全性(#312),activeWeb contentserver SQL 注入,,1. activeWeb contentserver SQL 注入,1. activeWeb contentserver 不会适当清理传递给“id”参数（picture_real_edit.asp）的输入,,2,安全相关,系统测试阶段
/非功能/安全性(#312),Absolute Image Gallery gallery.asp SQL 注入,,1. Absolute Image Gallery gallery.asp SQL 注入,1. Absolute Image Gallery 不会适当清理传递给“categoryid”参数（gallery.php）的输入,,2,安全相关,系统测试阶段
/非功能/安全性(#312),HTTP请求分割,,1. 客户机发送格式不正确的 HTTP 请求，2. 收到此格式错误 HTTP 请求的每个实体（代理或服务器）可能会以不同的方式解析请求内容,1. 允许一个或多个额外的 HTTP 请求通过当前中间代理将走私到另一个中间代理或目标 Web 服务器下游,,2,安全相关,系统测试阶段
/非功能/安全性(#312),Oracle 10g HTTP响应分割,,"1. 将用户数据嵌入在 cookie 值中，或成为重定向响应中 URL 的一部分
2. 终止“当前”响应（注入必要的 HTTP 响应头），然后添加其他完整 HTTP 响应
3. 发送精心制作的请求成功","1. 
2. 
3. 识别并拒绝响应",,2,安全相关,系统测试阶段
/非功能/安全性(#312),fiddler抓包工具,,1. 通过fiddler抓包，查看安全通道中的数据内容是否被加密。,1. 安全通道中的数据内容已被加密,,2,安全相关,系统测试阶段
